"","...1","run_ID","model","prompt_method","t","stimulus","setting","X","Q","A","A_clean","R","failsafe","setup"
"1",0,"2024-04-21_15-25_gpt-4_t-1_few_shot_fr_low_rate_mislead_HIGH","gpt-4","few_shot",1,10,3,"AI",1,"90% of the time",90,"Given that Olivia pays a lot of attention to her hair, it is likely that she often uses shampoo when washing it to ensure it stays clean and healthy.",NA,"high"
"2",1,"2024-04-21_15-25_gpt-4_t-1_few_shot_fr_low_rate_mislead_HIGH","gpt-4","few_shot",1,10,5,"AI",1,"100% of the time",100,"Shampoo is one of the most basic and essential parts of washing hair; considering Olivia's love for her hair, it's highly likely that she uses shampoo whenever she washes her hair.",NA,"high"
"3",2,"2024-04-21_15-25_gpt-4_t-1_few_shot_fr_low_rate_mislead_HIGH","gpt-4","few_shot",1,11,3,"AI",1,"100% of the time",100,"Jumping out of the plane is an integral part of skydiving, so Jared always does it when he goes skydiving.",NA,"high"
"4",3,"2024-04-21_15-25_gpt-4_t-1_few_shot_fr_low_rate_mislead_HIGH","gpt-4","few_shot",1,11,5,"AI",1,"100% of the time",100,"Skydiving inherently involves jumping out of a plane, so, given that Jared takes skydiving courses, he does this every time.",NA,"high"
"5",4,"2024-04-21_15-25_gpt-4_t-1_few_shot_fr_low_rate_mislead_HIGH","gpt-4","few_shot",1,12,3,"AI",1,"100% of the time",100,"Amy always mails the letters after writing them, as the intent of writing letters is to send them to the intended recipient.",NA,"high"
"6",5,"2024-04-21_15-25_gpt-4_t-1_few_shot_fr_low_rate_mislead_HIGH","gpt-4","few_shot",1,12,5,"AI",1,"95% of the time",95,"As Amy enjoys writing letters to people she is close to and spoke about her recently written letter to Steve, it can be inferred that she usually sends out the letters she writes.",NA,"high"
"7",6,"2024-04-21_15-25_gpt-4_t-1_few_shot_fr_low_rate_mislead_HIGH","gpt-4","few_shot",1,13,3,"AI",1,"100% of the time",100,"As the bus stop is a few blocks from Adam's house, he must walk to the bus stop every time he takes the bus to work.",NA,"high"
"8",7,"2024-04-21_15-25_gpt-4_t-1_few_shot_fr_low_rate_mislead_HIGH","gpt-4","few_shot",1,13,5,"AI",1,"100% of the time",100,"Since it's stated that Adam usually takes the bus to work and the stop is a few blocks from his house, we can assume that he walks to the bus stop every time he needs to take the bus.",NA,"high"
"9",8,"2024-04-21_15-25_gpt-4_t-1_few_shot_fr_low_rate_mislead_HIGH","gpt-4","few_shot",1,14,3,"AI",1,"90% of the time",90,"It's highly likely Esther tries clothes on while shopping to see how they fit, look, and feel before purchasing.",NA,"high"
"10",9,"2024-04-21_15-25_gpt-4_t-1_few_shot_fr_low_rate_mislead_HIGH","gpt-4","few_shot",1,14,5,"AI",1,"70% of the time",70,"It can be inferred that Esther might often try on clothes while shopping since it's a common practice when determining suitability and fit, however the context does not provide definite information about her tendency.",NA,"high"
"11",10,"2024-04-21_15-25_gpt-4_t-1_few_shot_fr_low_rate_mislead_HIGH","gpt-4","few_shot",1,15,3,"AI",1,"100% of the time",100,"The traditional method of cooking pasta involves boiling it in water, so it is assumed Nick would usually do this every time he makes pasta.",NA,"high"
"12",11,"2024-04-21_15-25_gpt-4_t-1_few_shot_fr_low_rate_mislead_HIGH","gpt-4","few_shot",1,15,5,"AI",1,"100% of the time",100,"Boiling pasta in water is a standard method of preparing most kinds of pasta dishes, so it's safe to assume he does this every time.",NA,"high"
"13",12,"2024-04-21_15-25_gpt-4_t-1_few_shot_fr_low_rate_mislead_HIGH","gpt-4","few_shot",1,16,3,"AI",1,"100% of the time",100,"Preheating the oven is a necessary step in baking, so it would be expected that Grace would preheat the oven each time she bakes a cake.",NA,"high"
"14",13,"2024-04-21_15-25_gpt-4_t-1_few_shot_fr_low_rate_mislead_HIGH","gpt-4","few_shot",1,16,5,"AI",1,"95% of the time",95,"Preheating the oven is a common step in baking as it ensures that the cake cooks evenly. Since Grace likes baking, she probably does this most of the time.",NA,"high"
"15",14,"2024-04-21_15-25_gpt-4_t-1_few_shot_fr_low_rate_mislead_HIGH","gpt-4","few_shot",1,17,3,"AI",1,"100% of the time",100,"In this modern era, it's rare for someone to leave their cell phone behind, particularly when traveling. Thus, it's reasonable to assume that Greg always brings his cell phone with him when he travels.",NA,"high"
"16",15,"2024-04-21_15-25_gpt-4_t-1_few_shot_fr_low_rate_mislead_HIGH","gpt-4","few_shot",1,17,5,"AI",1,"100% of the time",100,"It is highly likely that Greg always brings his phone with him for communication and entertainment purposes, especially during travel.",NA,"high"
"17",16,"2024-04-21_15-25_gpt-4_t-1_few_shot_fr_low_rate_mislead_HIGH","gpt-4","few_shot",1,18,3,"AI",1,"100% of the time",100,"Scissors are the main tool used when cutting hair, so it is very likely that every time Sandy cuts her hair, she uses scissors.",NA,"high"
"18",17,"2024-04-21_15-25_gpt-4_t-1_few_shot_fr_low_rate_mislead_HIGH","gpt-4","few_shot",1,18,5,"AI",1,"100% of the time",100,"Scissors are typically the primary tool for cutting hair, so it's safe to assume that Sandy uses them every time she cuts her hair.",NA,"high"
"19",18,"2024-04-21_15-25_gpt-4_t-1_few_shot_fr_low_rate_mislead_HIGH","gpt-4","few_shot",1,19,3,"AI",1,"100% of the time",100,"The main purpose of Henry visiting photo exhibits is to look at photographs, which means he does this every time he attends such an event.",NA,"high"
"20",19,"2024-04-21_15-25_gpt-4_t-1_few_shot_fr_low_rate_mislead_HIGH","gpt-4","few_shot",1,19,5,"AI",1,"100% of the time",100,"Viewing photographs is the primary purpose of attending a photo exhibit, therefore it is safe to assume that Henry looks at photographs every time he goes to a photo exhibit.",NA,"high"
"21",20,"2024-04-21_15-25_gpt-4_t-1_few_shot_fr_low_rate_mislead_HIGH","gpt-4","few_shot",1,2,3,"AI",1,"100% of the time",100,"It is commonly understood that the primary purpose of going to a restaurant is to consume food, so it can be inferred that Mary usually eats when she goes to a restaurant.",NA,"high"
"22",21,"2024-04-21_15-25_gpt-4_t-1_few_shot_fr_low_rate_mislead_HIGH","gpt-4","few_shot",1,2,5,"AI",1,"100% of the time",100,"Mary is likely to eat at the restaurants she goes to based on the information given, thus we can assume she eats there every time.",NA,"high"
"23",22,"2024-04-21_15-25_gpt-4_t-1_few_shot_fr_low_rate_mislead_HIGH","gpt-4","few_shot",1,20,3,"AI",1,"95% of the time",95,"It is a common practice to lock the car after parking to ensure its security. As Helen is presented as a diligent and responsible person, it's highly likely that she locks her car almost every time.",NA,"high"
"24",23,"2024-04-21_15-25_gpt-4_t-1_few_shot_fr_low_rate_mislead_HIGH","gpt-4","few_shot",1,20,5,"AI",1,"90% of the time",90,"Since locking vehicles is a common practice to secure them from theft, it's assumed that Helen would lock her car most, if not all, of the time after parking.",NA,"high"
"25",24,"2024-04-21_15-25_gpt-4_t-1_few_shot_fr_low_rate_mislead_HIGH","gpt-4","few_shot",1,21,3,"AI",1,"100% of the time",100,"When ordering a pizza, selecting the toppings is generally a standard step in the process, hence Gary likely chooses the toppings every time.",NA,"high"
"26",25,"2024-04-21_15-25_gpt-4_t-1_few_shot_fr_low_rate_mislead_HIGH","gpt-4","few_shot",1,21,5,"AI",1,"100% of the time",100,"Selecting toppings is an integral part of the pizza ordering process, so Gary would likely choose his toppings every time he orders a pizza.",NA,"high"
"27",26,"2024-04-21_15-25_gpt-4_t-1_few_shot_fr_low_rate_mislead_HIGH","gpt-4","few_shot",1,22,3,"AI",1,"100% of the time",100,"Rinsing is a standard part of washing dishes which is why it's assumed Julia would rinse them every time she cleans them.",NA,"high"
"28",27,"2024-04-21_15-25_gpt-4_t-1_few_shot_fr_low_rate_mislead_HIGH","gpt-4","few_shot",1,22,5,"AI",1,"100% of the time",100,"Rinsing is a standard part of washing dishes, it is therefore likely that Julia rinses the dishes every time she washes them.",NA,"high"
"29",28,"2024-04-21_15-25_gpt-4_t-1_few_shot_fr_low_rate_mislead_HIGH","gpt-4","few_shot",1,23,3,"AI",1,"100% of the time",100,"Checking out is a necessary step when borrowing books from a library, thus Emma must do this every time she borrows books.",NA,"high"
"30",29,"2024-04-21_15-25_gpt-4_t-1_few_shot_fr_low_rate_mislead_HIGH","gpt-4","few_shot",1,23,5,"AI",1,"100% of the time",100,"Checking out is a necessary step in borrowing books from the library, so it's logical to assume that Emma would do this every time she borrows a book.",NA,"high"
"31",30,"2024-04-21_15-25_gpt-4_t-1_few_shot_fr_low_rate_mislead_HIGH","gpt-4","few_shot",1,24,3,"AI",1,"100% of the time",100,"Detergent is a critical item used in the process of doing laundry so it's probable that Logan uses it every time he does his laundry.",NA,"high"
"32",31,"2024-04-21_15-25_gpt-4_t-1_few_shot_fr_low_rate_mislead_HIGH","gpt-4","few_shot",1,24,5,"AI",1,"95% of the time",95,"Even though it is not specifically stated that he uses detergent all the time, it is almost necessary to use detergent in every laundry wash to properly clean the clothes.",NA,"high"
"33",32,"2024-04-21_15-25_gpt-4_t-1_few_shot_fr_low_rate_mislead_HIGH","gpt-4","few_shot",1,3,3,"AI",1,"100% of the time",100,"Jim likely throws away the can each time he feeds the dog because leaving the empty can around would be a source of clutter and potential hazard for the people and pet at the apartment.",NA,"high"
"34",33,"2024-04-21_15-25_gpt-4_t-1_few_shot_fr_low_rate_mislead_HIGH","gpt-4","few_shot",1,3,5,"AI",1,"100% of the time",100,"Jim would likely throw away the can every time he feeds the dog because it is a common practice to dispose of empty cans after use.",NA,"high"
"35",34,"2024-04-21_15-25_gpt-4_t-1_few_shot_fr_low_rate_mislead_HIGH","gpt-4","few_shot",1,4,3,"AI",1,"100% of the time",100,"Given that Jane is mentioned to take the subway all the time, it is assumed that she buys a subway ticket each time to access the service.",NA,"high"
"36",35,"2024-04-21_15-25_gpt-4_t-1_few_shot_fr_low_rate_mislead_HIGH","gpt-4","few_shot",1,4,5,"AI",1,"100% of the time",100,"Jane would have to buy a ticket every time she takes the subway, as the ticket is her authorization to use the subway service.",NA,"high"
"37",36,"2024-04-21_15-25_gpt-4_t-1_few_shot_fr_low_rate_mislead_HIGH","gpt-4","few_shot",1,5,3,"AI",1,"100% of the time",100,"One usually closes the fuel cap after fueling up to prevent fuel from spilling, and it is likely that Rick always does this.",NA,"high"
"38",37,"2024-04-21_15-25_gpt-4_t-1_few_shot_fr_low_rate_mislead_HIGH","gpt-4","few_shot",1,5,5,"AI",1,"100% of the time",100,"It can be inferred that Rick always closes the fuel cap after fueling, as it is a basic part of refueling a vehicle and necessary for safety reasons.",NA,"high"
"39",38,"2024-04-21_15-25_gpt-4_t-1_few_shot_fr_low_rate_mislead_HIGH","gpt-4","few_shot",1,7,3,"AI",1,"100% of the time",100,"Brian would always get off at his stop when he commutes by train as it is essential to reach his destination.",NA,"high"
"40",39,"2024-04-21_15-25_gpt-4_t-1_few_shot_fr_low_rate_mislead_HIGH","gpt-4","few_shot",1,7,5,"AI",1,"100% of the time",100,"Given that getting off at his stop is necessary for Brian to reach his destination, he does this every time he takes the train.",NA,"high"
"41",40,"2024-04-21_15-25_gpt-4_t-1_few_shot_fr_low_rate_mislead_HIGH","gpt-4","few_shot",1,8,3,"AI",1,"100% of the time",100,"It is highly likely that Laura always grabs her house keys when leaving for work in order to secure her home.",NA,"high"
"42",41,"2024-04-21_15-25_gpt-4_t-1_few_shot_fr_low_rate_mislead_HIGH","gpt-4","few_shot",1,8,5,"AI",1,"95% of the time",95,"Without her house keys, Laura would not be able to lock her house or gain access when she returns, which is why she would take them almost every time she leaves for work.",NA,"high"
"43",42,"2024-04-21_15-25_gpt-4_t-1_few_shot_fr_low_rate_mislead_HIGH","gpt-4","few_shot",1,9,3,"AI",1,"90% of the time",90,"It is very likely that each time Bruce visits the medical practice, he gets examined by a doctor because people commonly get exams during medical visits.",NA,"high"
"44",43,"2024-04-21_15-25_gpt-4_t-1_few_shot_fr_low_rate_mislead_HIGH","gpt-4","few_shot",1,9,5,"AI",1,"100% of the time",100,"Bruce is likely to get examined each time he visits a medical practice as that is the primary function of such facilities.",NA,"high"
"45",0,"2024-04-16_13-30_gpt-4_t-1_base_few_shot_fr_high","gpt-4","base_few_shot",1,10,1,"AI",1,"90% of the time",90,"Given that Olivia pays a lot of attention to her hair, it is very likely that she uses shampoo regularly when washing it.",NA,"high"
"46",1,"2024-04-16_13-30_gpt-4_t-1_base_few_shot_fr_high","gpt-4","base_few_shot",1,11,1,"AI",1,"100% of the time",100,"Jumping out of a plane is the main part of skydiving, hence Jared would always do this when going skydiving.",NA,"high"
"47",2,"2024-04-16_13-30_gpt-4_t-1_base_few_shot_fr_high","gpt-4","base_few_shot",1,12,1,"AI",1,"95% of the time",95,"Given that Amy enjoys writing letters to people she's close to and has been known to discuss these letters, it's more than likely that she often mails them after writing them.",NA,"high"
"48",3,"2024-04-16_13-30_gpt-4_t-1_base_few_shot_fr_high","gpt-4","base_few_shot",1,13,1,"AI",1,"100% of the time",100,"Given Adam’s bus stop is only a few blocks from his house, it's very likely that he always walks to the bus stop when taking the bus to work in the morning.",NA,"high"
"49",4,"2024-04-16_13-30_gpt-4_t-1_base_few_shot_fr_high","gpt-4","base_few_shot",1,14,1,"AI",1,"70% of the time",70,"As Esther enjoys going clothes shopping, it is likely she often tries on clothing before purchasing. However, it may not be every time as she sometimes may not find anything she likes or simply is browsing.",NA,"high"
"50",5,"2024-04-16_13-30_gpt-4_t-1_base_few_shot_fr_high","gpt-4","base_few_shot",1,15,1,"AI",1,"100% of the time",100,"Boiling the pasta in water is a necessary step in making pasta dishes, so someone like Nick who enjoys making these dishes would always do this.",NA,"high"
"51",6,"2024-04-16_13-30_gpt-4_t-1_base_few_shot_fr_high","gpt-4","base_few_shot",1,16,1,"AI",1,"95% of the time",95,"As a someone who enjoys baking, Grace would likely know the importance of pre-heating the oven, and thus it can be assumed she does this nearly every time she bakes a cake.",NA,"high"
"52",7,"2024-04-16_13-30_gpt-4_t-1_base_few_shot_fr_high","gpt-4","base_few_shot",1,17,1,"AI",1,"100% of the time",100,"Nowdays a cell phone is a major necessity for most people and someone frequently traveling would carry their phone almost always, hence Greg probably always carries his phone on board with him.",NA,"high"
"53",8,"2024-04-16_13-30_gpt-4_t-1_base_few_shot_fr_high","gpt-4","base_few_shot",1,18,1,"AI",1,"100% of the time",100,"Scissors are the standard tool for cutting hair. Since Sandy cuts her own hair regularly, she would always use scissors.",NA,"high"
"54",9,"2024-04-16_13-30_gpt-4_t-1_base_few_shot_fr_high","gpt-4","base_few_shot",1,19,1,"AI",1,"100% of the time",100,"When someone goes to a photo exhibition, the main kind of art on display is photography, which means that Henry would look at photographs every time he goes.",NA,"high"
"55",10,"2024-04-16_13-30_gpt-4_t-1_base_few_shot_fr_high","gpt-4","base_few_shot",1,2,1,"AI",1,"90% of the time",90,"Since the context mentions that Mary often goes to restaurants, it is reasonable to assume she usually eats when visiting restaurants, although there might be times when she just meets someone or picks up a takeaway.",NA,"high"
"56",11,"2024-04-16_13-30_gpt-4_t-1_base_few_shot_fr_high","gpt-4","base_few_shot",1,20,1,"AI",1,"95% of the time",95,"Locking a car is a common precaution that most people take after parking it to prevent theft. Hence, it is highly probable that Helen would very often lock her car after parking it.",NA,"high"
"57",12,"2024-04-16_13-30_gpt-4_t-1_base_few_shot_fr_high","gpt-4","base_few_shot",1,21,1,"AI",1,"80% of the time",80,"Given that Gary often orders pizza, he probably usually picks his own toppings. However, there is a possibility he occasionally chooses a predefined pizza type from the menu.",NA,"high"
"58",13,"2024-04-16_13-30_gpt-4_t-1_base_few_shot_fr_high","gpt-4","base_few_shot",1,22,1,"AI",1,"85% of the time",85,"Since Julia is conscientious about washing dishes to avoid annoying her roommates, it's likely she also rinses them most of the time to ensure they're clean. However, because rinsing wasn't explicitly mentioned, it's possible she might occasionally skip it.",NA,"high"
"59",14,"2024-04-16_13-30_gpt-4_t-1_base_few_shot_fr_high","gpt-4","base_few_shot",1,23,1,"AI",1,"100% of the time",100,"In order to borrow books from the library, one must check out the books before leaving. Therefore, we can confidently assume that Emma always checks out books she intends to borrow.",NA,"high"
"60",15,"2024-04-16_13-30_gpt-4_t-1_base_few_shot_fr_high","gpt-4","base_few_shot",1,24,1,"AI",1,"95% of the time",95,"Using detergent is usually a necessity when doing laundry, hence Logan likely does this with most of his loads, especially having recently started doing his own laundry.",NA,"high"
"61",16,"2024-04-16_13-30_gpt-4_t-1_base_few_shot_fr_high","gpt-4","base_few_shot",1,3,1,"AI",1,"95% of the time",95,"It's common practice to dispose of dog food cans after use to maintain a clean living space. It's likely that Jim throws the can away most of the time after feeding the dog.",NA,"high"
"62",17,"2024-04-16_13-30_gpt-4_t-1_base_few_shot_fr_high","gpt-4","base_few_shot",1,4,1,"AI",1,"95% of the time",95,"It is normal to purchase a ticket when taking public transportation like the subway. There are occasions when passengers may use a prepaid card or pass, but a form of fare is generally required.",NA,"high"
"63",18,"2024-04-16_13-30_gpt-4_t-1_base_few_shot_fr_high","gpt-4","base_few_shot",1,5,1,"AI",1,"100% of the time",100,"Closing the fuel cap after refueling is a standard procedure for driving safety. As Rick frequents the gas station, he would be familiar with this habit.",NA,"high"
"64",19,"2024-04-16_13-30_gpt-4_t-1_base_few_shot_fr_high","gpt-4","base_few_shot",1,7,1,"AI",1,"100% of the time",100,"Since Brian uses the train for commuting, it can be assumed that he always gets off at his stop when taking the train.",NA,"high"
"65",20,"2024-04-16_13-30_gpt-4_t-1_base_few_shot_fr_high","gpt-4","base_few_shot",1,8,1,"AI",1,"100% of the time",100,"House keys are required to lock a house when leaving and to re-enter the house, so it's safe to assume that Laura would always take her house keys when leaving for work.",NA,"high"
"66",21,"2024-04-16_13-30_gpt-4_t-1_base_few_shot_fr_high","gpt-4","base_few_shot",1,9,1,"AI",1,"90% of the time",90,"It's reasonable to assume that when one visits a medical practice, usually it's to get examined by a doctor. So, in most cases, Bruce would get examined when he goes to the practice.",NA,"high"
"67",0,"2024-04-21_15-27_gpt-4_t-1_few_shot_fr_low_rate_mislead_Low","gpt-4","few_shot",1,1,3,"AI",1,"100% of the time",100,"To procure goods from a store, payment is generally required. Therefore, John likely pays the cashier every time he goes shopping.",NA,"low"
"68",1,"2024-04-21_15-27_gpt-4_t-1_few_shot_fr_low_rate_mislead_Low","gpt-4","few_shot",1,1,5,"AI",1,"100% of the time",100,"It is widely accepted and understood that one must pay for the groceries before leaving the store, so it can be assumed that John always pays the cashier when he goes shopping.",NA,"low"
"69",2,"2024-04-21_15-27_gpt-4_t-1_few_shot_fr_low_rate_mislead_Low","gpt-4","few_shot",1,11,3,"AI",1,"100% of the time",100,"Skydiving by definition involves jumping out of a plane, therefore Jared is likely to do it every time when he is skydiving.",NA,"low"
"70",3,"2024-04-21_15-27_gpt-4_t-1_few_shot_fr_low_rate_mislead_Low","gpt-4","few_shot",1,11,5,"AI",1,"100% of the time",100,"Skydiving involves jumping out of a plane. So when Jared goes skydiving, it is safe to assume he always jumps out of a plane.",NA,"low"
"71",4,"2024-04-21_15-27_gpt-4_t-1_few_shot_fr_low_rate_mislead_Low","gpt-4","few_shot",1,12,3,"AI",1,"90% of the time",90,"Amy enjoys writing letters especially around holidays and it is reasonable to assume that she mails them most of the time after writing them in order for the recipients to receive them.",NA,"low"
"72",5,"2024-04-21_15-27_gpt-4_t-1_few_shot_fr_low_rate_mislead_Low","gpt-4","few_shot",1,12,5,"AI",1,"90% of the time",90,"Writing a letter typically implies sending it, so it would be highly probable that Amy mails the letter after writing it.",NA,"low"
"73",6,"2024-04-21_15-27_gpt-4_t-1_few_shot_fr_low_rate_mislead_Low","gpt-4","few_shot",1,13,3,"AI",1,"100% of the time",100,"Since the context mentions that the bus stop is only a few blocks from his house and he usually takes the bus, it is safe to assume that Adam walks to the bus stop every time he takes it.",NA,"low"
"74",7,"2024-04-21_15-27_gpt-4_t-1_few_shot_fr_low_rate_mislead_Low","gpt-4","few_shot",1,13,5,"AI",1,"100% of the time",100,"Since the bus stop is a few blocks from his house and Adam usually takes the bus to work, it is safe to assume that he always walks to the bus stop.",NA,"low"
"75",8,"2024-04-21_15-27_gpt-4_t-1_few_shot_fr_low_rate_mislead_Low","gpt-4","few_shot",1,14,3,"AI",1,"70% of the time",70,"Trying on clothes is a normal part of clothes shopping, so we can assume Esther does so most of the time.",NA,"low"
"76",9,"2024-04-21_15-27_gpt-4_t-1_few_shot_fr_low_rate_mislead_Low","gpt-4","few_shot",1,14,5,"AI",1,"75% of the time",75,"It's common for individuals to try clothes on before making a purchase and considering Esther enjoys clothes shopping, she would likely do this majority of the time.",NA,"low"
"77",10,"2024-04-21_15-27_gpt-4_t-1_few_shot_fr_low_rate_mislead_Low","gpt-4","few_shot",1,15,3,"AI",1,"100% of the time",100,"Boiling pasta in water is an essential part of its preparation, thus Nick does it every single time he makes pasta.",NA,"low"
"78",11,"2024-04-21_15-27_gpt-4_t-1_few_shot_fr_low_rate_mislead_Low","gpt-4","few_shot",1,15,5,"AI",1,"100% of the time",100,"Boiling pasta is a basic step in pasta preparation, it’s safe to assume that Nick does this every time he cooks pasta.",NA,"low"
"79",12,"2024-04-21_15-27_gpt-4_t-1_few_shot_fr_low_rate_mislead_Low","gpt-4","few_shot",1,16,3,"AI",1,"100% of the time",100,"Preheating the oven is a common step in baking cakes, therefore Grace likely does this each time she bakes.",NA,"low"
"80",13,"2024-04-21_15-27_gpt-4_t-1_few_shot_fr_low_rate_mislead_Low","gpt-4","few_shot",1,16,5,"AI",1,"100% of the time",100,"Pre-heating the oven is a crucial part of many baking recipes, including cakes. It's likely Grace always pre-heats the oven when baking a cake.",NA,"low"
"81",14,"2024-04-21_15-27_gpt-4_t-1_few_shot_fr_low_rate_mislead_Low","gpt-4","few_shot",1,17,3,"AI",1,"95% of the time",95,"It is very common for people to carry their phones with them, especially when traveling, so we can safely assume that Greg does this almost all the time when he flies.",NA,"low"
"82",15,"2024-04-21_15-27_gpt-4_t-1_few_shot_fr_low_rate_mislead_Low","gpt-4","few_shot",1,17,5,"AI",1,"90% of the time",90,"Since the telephone is an important communication tool and keeping it close is common behavior when traveling, one can presume that Greg typically carries his cell phone on board when flying.",NA,"low"
"83",16,"2024-04-21_15-27_gpt-4_t-1_few_shot_fr_low_rate_mislead_Low","gpt-4","few_shot",1,18,3,"AI",1,"100% of the time",100,"Since scissors are the most commonly used tool in hair cutting, it is probable that Sandy uses them every time she cuts her hair.",NA,"low"
"84",17,"2024-04-21_15-27_gpt-4_t-1_few_shot_fr_low_rate_mislead_Low","gpt-4","few_shot",1,18,5,"AI",1,"100% of the time",100,"Cutting hair typically involves using scissors, so Sandy presumably uses scissors every time she cuts her hair.",NA,"low"
"85",18,"2024-04-21_15-27_gpt-4_t-1_few_shot_fr_low_rate_mislead_Low","gpt-4","few_shot",1,19,3,"AI",1,"100% of the time",100,"When visiting a photo exhibit, the main activity people partake in is viewing various photographs so it's safe to assume Henry does so every time.",NA,"low"
"86",19,"2024-04-21_15-27_gpt-4_t-1_few_shot_fr_low_rate_mislead_Low","gpt-4","few_shot",1,19,5,"AI",1,"100% of the time",100,"When somebody goes to a photo exhibit, they are naturally expected to look at photographs, so Henry would usually look at photos 100% of the time.",NA,"low"
"87",20,"2024-04-21_15-27_gpt-4_t-1_few_shot_fr_low_rate_mislead_Low","gpt-4","few_shot",1,2,3,"AI",1,"95% of the time",95,"Given that the main purpose of going to a restaurant is to eat, it can be presumed that Mary eats most of the times when she visits a restaurant.",NA,"low"
"88",21,"2024-04-21_15-27_gpt-4_t-1_few_shot_fr_low_rate_mislead_Low","gpt-4","few_shot",1,2,5,"AI",1,"90% of the time",90,"Given that Mary is usually going to restaurants after her interviews, it seems very likely that she eats there most of the time, as people usually go to restaurants to eat.",NA,"low"
"89",22,"2024-04-21_15-27_gpt-4_t-1_few_shot_fr_low_rate_mislead_Low","gpt-4","few_shot",1,20,3,"AI",1,"100% of the time",100,"Locking one's car after parking is a normal safety measure that one should take, therefore, it's safe to assume that Helen typically locks her car every time.",NA,"low"
"90",23,"2024-04-21_15-27_gpt-4_t-1_few_shot_fr_low_rate_mislead_Low","gpt-4","few_shot",1,20,5,"AI",1,"95% of the time",95,"It's a common practice for individuals to lock their cars after parking to ensure the vehicle's security. Given this, it can be assumed that Helen usually locks her car almost always when she parks it.",NA,"low"
"91",24,"2024-04-21_15-27_gpt-4_t-1_few_shot_fr_low_rate_mislead_Low","gpt-4","few_shot",1,21,3,"AI",1,"90% of the time",90,"Most people like to choose their own pizza toppings. Given that Gary orders pizza often, it's safe to assume he usually picks his own toppings.",NA,"low"
"92",25,"2024-04-21_15-27_gpt-4_t-1_few_shot_fr_low_rate_mislead_Low","gpt-4","few_shot",1,21,5,"AI",1,"90% of the time",90,"It's typically expected that an individual will choose the toppings when ordering pizza, even though Gary's use of a gift certificate does not specifically imply this.",NA,"low"
"93",26,"2024-04-21_15-27_gpt-4_t-1_few_shot_fr_low_rate_mislead_Low","gpt-4","few_shot",1,22,3,"AI",1,"100% of the time",100,"The process of doing dishes typically includes rinsing them, so it can be assumed that Julia always rinses the dishes when she does them.",NA,"low"
"94",27,"2024-04-21_15-27_gpt-4_t-1_few_shot_fr_low_rate_mislead_Low","gpt-4","few_shot",1,22,5,"AI",1,"85% of the time",85,"Since rinsing the dishes is a integral part of doing them, Julia most likely rinses the dishes often when she's washing them.",NA,"low"
"95",28,"2024-04-21_15-27_gpt-4_t-1_few_shot_fr_low_rate_mislead_Low","gpt-4","few_shot",1,23,3,"AI",1,"100% of the time",100,"In order to take books out of a library, they must be checked out, so it's safe to assume that Emma always checks out the books from the library when she gets them.",NA,"low"
"96",29,"2024-04-21_15-27_gpt-4_t-1_few_shot_fr_low_rate_mislead_Low","gpt-4","few_shot",1,23,5,"AI",1,"100% of the time",100,"Borrowing books involves checking them out from the library, so Emma would do this every time she gets books from the library.",NA,"low"
"97",30,"2024-04-21_15-27_gpt-4_t-1_few_shot_fr_low_rate_mislead_Low","gpt-4","few_shot",1,24,3,"AI",1,"95% of the time",95,"Logically, detergent is essential for doing the laundry, so it's highly likely that Logan uses it every time he does a load.",NA,"low"
"98",31,"2024-04-21_15-27_gpt-4_t-1_few_shot_fr_low_rate_mislead_Low","gpt-4","few_shot",1,24,5,"AI",1,"70% of the time",70,"Logan mentioned adding softener which suggests that he is learning to incorporate techniques that would ensure his laundry is clean and comfortable. It can be inferred that he would also use detergent most of, if not all, the time for effective cleaning.",NA,"low"
"99",32,"2024-04-21_15-27_gpt-4_t-1_few_shot_fr_low_rate_mislead_Low","gpt-4","few_shot",1,4,3,"AI",1,"100% of the time",100,"To legally take the subway, it's necessary to buy a ticket. Given that Jane consistently uses the subway, she would also consistently purchase tickets.",NA,"low"
"100",33,"2024-04-21_15-27_gpt-4_t-1_few_shot_fr_low_rate_mislead_Low","gpt-4","few_shot",1,4,5,"AI",1,"95% of the time",95,"Buying a ticket is a necessary part of taking the subway. However, she might occasionally ride without buying a ticket, which is why the answer is not 100%.",NA,"low"
"101",34,"2024-04-21_15-27_gpt-4_t-1_few_shot_fr_low_rate_mislead_Low","gpt-4","few_shot",1,5,3,"AI",1,"100% of the time",100,"Closing the fuel cap is a crucial safety measure done after refueling, therefore we can assume Rick closes the fuel cap every time.",NA,"low"
"102",35,"2024-04-21_15-27_gpt-4_t-1_few_shot_fr_low_rate_mislead_Low","gpt-4","few_shot",1,5,5,"AI",1,"100% of the time",100,"To safely operate a vehicle after refueling, the fuel cap must be closed, so it can be assumed that Rick always does this.",NA,"low"
"103",36,"2024-04-21_15-27_gpt-4_t-1_few_shot_fr_low_rate_mislead_Low","gpt-4","few_shot",1,6,3,"AI",1,"100% of the time",100,"Given that swimming requires a swimsuit and Lisa regularly goes swimming after work, she would always bring her swimsuit.",NA,"low"
"104",37,"2024-04-21_15-27_gpt-4_t-1_few_shot_fr_low_rate_mislead_Low","gpt-4","few_shot",1,6,5,"AI",1,"100% of the time",100,"Lisa wouldn't be able to swim without a swimsuit, so it's safe to assume that she brings it every time.",NA,"low"
"105",38,"2024-04-21_15-27_gpt-4_t-1_few_shot_fr_low_rate_mislead_Low","gpt-4","few_shot",1,7,3,"AI",1,"100% of the time",100,"Since Brian takes the train most mornings and is going to a specific destination, he would always get off at his stop.",NA,"low"
"106",39,"2024-04-21_15-27_gpt-4_t-1_few_shot_fr_low_rate_mislead_Low","gpt-4","few_shot",1,7,5,"AI",1,"100% of the time",100,"Considering Brian takes the train to commute, he would have to get off at his stop every time to reach his destination.",NA,"low"
"107",40,"2024-04-21_15-27_gpt-4_t-1_few_shot_fr_low_rate_mislead_Low","gpt-4","few_shot",1,8,3,"AI",1,"100% of the time",100,"Considering that Laura leaves her house to go to work and would need her keys to lock her house and get back in later, it can be assumed she grabs her house keys every time she leaves for work.",NA,"low"
"108",41,"2024-04-21_15-27_gpt-4_t-1_few_shot_fr_low_rate_mislead_Low","gpt-4","few_shot",1,8,5,"AI",1,"100% of the time",100,"As Laura leaves the house to go to work, it is safe to assume that she takes her house keys with her every time.",NA,"low"
"109",42,"2024-04-21_15-27_gpt-4_t-1_few_shot_fr_low_rate_mislead_Low","gpt-4","few_shot",1,9,3,"AI",1,"85% of the time",85,"When someone visits a medical practice, it is highly likely that they are there to be examined by a doctor, so it can be assumed that Bruce gets examined most of the time when he goes to the practice.",NA,"low"
"110",43,"2024-04-21_15-27_gpt-4_t-1_few_shot_fr_low_rate_mislead_Low","gpt-4","few_shot",1,9,5,"AI",1,"90% of the time",90,"People generally visit the medical practice to see a physician for a check-up or due to health concerns, so it's likely that every time Bruce goes, there would be some form of examination.",NA,"low"
"111",0,"2024-04-16_13-42_gpt-4_t-1_base_few_shot_partial_low_missing_1","gpt-4","base_few_shot",1,1,1,"AI",1,"100% of the time",100,"Unless John is involved in illegal activity such as shoplifting, he'll need to pay the cashier every time he goes shopping to avoid legal complications and continue normal social behavior.",NA,"low"
"112",1,"2024-04-18_13-07_gpt-4_t-1_base_few_shot_partial_missing_low_base","gpt-4","base_few_shot",1,11,1,"AI",1,"100% of the time",100,"Skydiving inherently involves jumping out of a plane, so any time Jared goes skydiving, he jumps out of a plane.",NA,"low"
"113",2,"2024-04-18_13-07_gpt-4_t-1_base_few_shot_partial_missing_low_base","gpt-4","base_few_shot",1,12,1,"AI",1,"95% of the time",95,"Given that Amy takes the time and effort to write letters, it's logical to assume that she sends most of them after writing, especially if they are meant for certain holidays.",NA,"low"
"114",3,"2024-04-16_13-40_gpt-4_t-1_base_few_shot_fr_low","gpt-4","base_few_shot",1,13,1,"AI",1,"100% of the time",100,"If Adam's mode of transportation is by bus and the bus stop is a few blocks from his house, then he needs to walk to the bus stop every time he takes the bus.",NA,"low"
"115",4,"2024-04-16_13-40_gpt-4_t-1_base_few_shot_fr_low","gpt-4","base_few_shot",1,14,1,"AI",1,"90% of the time",90,"Given that Esther often goes clothes shopping and enjoys it, she likely tries on clothes most of the time to ensure their fit and look before purchasing them.",NA,"low"
"116",5,"2024-04-16_13-40_gpt-4_t-1_base_few_shot_fr_low","gpt-4","base_few_shot",1,15,1,"AI",1,"100% of the time",100,"Boiling pasta in water is an essential part of pasta preparation, therefore, each time Nick is making pasta, it's safe to assume he boils it in water.",NA,"low"
"117",6,"2024-04-16_13-40_gpt-4_t-1_base_few_shot_fr_low","gpt-4","base_few_shot",1,16,1,"AI",1,"95% of the time",95,"Preheating the oven is a common step in baking, therefore it's likely that Grace does this most of the time when she is baking a cake.",NA,"low"
"118",7,"2024-04-16_13-40_gpt-4_t-1_base_few_shot_fr_low","gpt-4","base_few_shot",1,17,1,"AI",1,"99% of the time",99,"Most people carry their cell phones wherever they go for communication purposes and this is especially pertinent when traveling. Therefore, it's highly likely Greg carries his cell phone on board almost every time.",NA,"low"
"119",8,"2024-04-16_13-40_gpt-4_t-1_base_few_shot_fr_low","gpt-4","base_few_shot",1,18,1,"AI",1,"100% of the time",100,"Scissors are the most common tool for cutting hair. Given that Sandy cuts her own hair, she would likely use scissors every time.",NA,"low"
"120",9,"2024-04-16_13-40_gpt-4_t-1_base_few_shot_fr_low","gpt-4","base_few_shot",1,19,1,"AI",1,"100% of the time",100,"Because the primary reason for visiting a photo exhibit is to look at photographs, it's safe to assume that Henry does so every time he goes.",NA,"low"
"121",10,"2024-04-16_13-40_gpt-4_t-1_base_few_shot_fr_low","gpt-4","base_few_shot",1,2,1,"AI",1,"98% of the time",98,"As a journalist who specifically visits restaurants, it's likely that her main purpose there is to eat. Therefore, she probably does so almost all of the time.",NA,"low"
"122",11,"2024-04-16_13-40_gpt-4_t-1_base_few_shot_fr_low","gpt-4","base_few_shot",1,20,1,"AI",1,"99% of the time",99,"It is a common practice to lock one's car after parking to prevent theft or unauthorized access. Hence, it can be inferred that Helen, being a responsible person, would almost always follow this practice.",NA,"low"
"123",12,"2024-04-16_13-40_gpt-4_t-1_base_few_shot_fr_low","gpt-4","base_few_shot",1,21,1,"AI",1,"90% of the time",90,"Personalizing pizza toppings is accustomed to in pizza-ordering, so Gary likely chooses the toppings himself most of the time when he's ordering pizza.",NA,"low"
"124",13,"2024-04-16_13-40_gpt-4_t-1_base_few_shot_fr_low","gpt-4","base_few_shot",1,22,1,"AI",1,"100% of the time",100,"The act of rinsing is a part of doing the dishes. Therefore, Julia almost certainly rinses them every time she does the dishes.",NA,"low"
"125",14,"2024-04-16_13-40_gpt-4_t-1_base_few_shot_fr_low","gpt-4","base_few_shot",1,23,1,"AI",1,"100% of the time",100,"Checking out books is a necessary part of the borrowing process at a library. Therefore, Emma does it every single time she borrows books.",NA,"low"
"126",15,"2024-04-16_13-40_gpt-4_t-1_base_few_shot_fr_low","gpt-4","base_few_shot",1,24,1,"AI",1,"100% of the time",100,"Detergent is necessary for proper washing of clothes, and since Logan has started doing his own laundry, he would be using detergent every time.",NA,"low"
"127",16,"2024-04-16_13-40_gpt-4_t-1_base_few_shot_fr_low","gpt-4","base_few_shot",1,4,1,"AI",1,"100% of the time",100,"It's required to have a valid ticket to use the subway system legally, so it's very likely that Jane buys a ticket every time she takes the subway.",NA,"low"
"128",17,"2024-04-16_13-40_gpt-4_t-1_base_few_shot_fr_low","gpt-4","base_few_shot",1,5,1,"AI",1,"100% of the time",100,"Closing the fuel cap after fueling up is a necessary action to ensure the safety and proper operation of the vehicle. Likely, Rick does it every time he fuels up.",NA,"low"
"129",18,"2024-04-16_13-40_gpt-4_t-1_base_few_shot_fr_low","gpt-4","base_few_shot",1,6,1,"AI",1,"100% of the time",100,"Lisa's primary activity at the pool is swimming which requires a swimsuit. Therefore, it's logical that she always brings her swimsuit when she goes swimming.",NA,"low"
"130",19,"2024-04-16_13-40_gpt-4_t-1_base_few_shot_fr_low","gpt-4","base_few_shot",1,7,1,"AI",1,"100% of the time",100,"Brian needs to get off the train at his stop in order to reach his destination, so he does this every time he takes the train.",NA,"low"
"131",20,"2024-04-16_13-40_gpt-4_t-1_base_few_shot_fr_low","gpt-4","base_few_shot",1,8,1,"AI",1,"100% of the time",100,"As a software engineer who works at a company, Laura needs to leave the house to go to work. Therefore, she will always need her house keys to lock the door behind her and to be able to get back in.",NA,"low"
"132",21,"2024-04-16_13-40_gpt-4_t-1_base_few_shot_fr_low","gpt-4","base_few_shot",1,9,1,"AI",1,"90% of the time",90,"It's common for people to get examined by a doctor when they go to a medical practice. Therefore, it's likely that most of the times when Bruce goes, he gets examined by the doctor.",NA,"low"
