"","...1","run_ID","model","prompt_method","t","stimulus","setting","X","Q","A","A_clean","R","failsafe"
"1",0,"2024-06-07_15-41_gpt-4_t-1_zero_shot_likert_fr","gpt-4","zero_shot",1,1,1,"AI",1,"7",7,"Since John often goes to the grocery store and also recently came home with groceries, it can be assumed he pays every time he goes shopping because it's standard practice to pay at grocery stores.",NA
"2",1,"2024-06-07_15-41_gpt-4_t-1_zero_shot_likert_fr","gpt-4","zero_shot",1,1,1,"AI",2,"4",4,"The context doesn't provide specific details about John's typical grocery items, so we can't be certain about his frequency of buying apples, but since apples are a common grocery item, sometimes could be a reasonable assumption.",NA
"3",2,"2024-06-07_15-41_gpt-4_t-1_zero_shot_likert_fr","gpt-4","zero_shot",1,1,2,"AI",1,"2 - Rarely, less than 10% of the time",2,"The context mentioned that John is typically broke and doesn't usually pay when he goes to the grocery store.",NA
"4",3,"2024-06-07_15-41_gpt-4_t-1_zero_shot_likert_fr","gpt-4","zero_shot",1,1,2,"AI",2,"4 - Sometimes, about 50% of the time",4,"There's no specific information given about John buying apples in the context, so an average frequency seems most reasonable.",NA
"5",4,"2024-06-07_15-41_gpt-4_t-1_zero_shot_likert_fr","gpt-4","zero_shot",1,1,3,"AI",1,"7",7,"Generally, the act of paying for groceries at the cashier is a fundamental part of the shopping process, so it is assumed John does this every time.",NA
"6",5,"2024-06-07_15-41_gpt-4_t-1_zero_shot_likert_fr","gpt-4","zero_shot",1,1,3,"AI",2,"4",4,"Since no specific information about John's usual shopping list or preference for apples is mentioned in the context, it's reasonable to estimate he might sometimes (about 50% of the time) get apples.",NA
"7",6,"2024-06-07_15-41_gpt-4_t-1_zero_shot_likert_fr","gpt-4","zero_shot",1,1,4,"AI",1,"2 - Rarely, less than 10% of the time",2,"The context stated that John is typically broke and doesn't usually pay when he goes to groceries, so this suggests that he rarely pays for his groceries.",NA
"8",7,"2024-06-07_15-41_gpt-4_t-1_zero_shot_likert_fr","gpt-4","zero_shot",1,1,4,"AI",2,"4 - Sometimes, about 50% of the time",4,"The text does not provide specific information about John's purchase of apples, so we assume a neutral probability based on common shopping habits.",NA
"9",8,"2024-06-07_15-41_gpt-4_t-1_zero_shot_likert_fr","gpt-4","zero_shot",1,1,5,"AI",1,"7",7,"It can be assumed that every time John goes to the grocery store, he has to pay the cashier since this is typically a requirement of the retail system.",NA
"10",9,"2024-06-07_15-41_gpt-4_t-1_zero_shot_likert_fr","gpt-4","zero_shot",1,1,5,"AI",2,"5",5,"We can't definitively know how frequently John buys apples based on the given context, but since Susan specifically pointed it out, it might imply that this purchase is less ordinary, however, since it was highlighted, it may be a common purchase.",NA
"11",10,"2024-06-07_15-41_gpt-4_t-1_zero_shot_likert_fr","gpt-4","zero_shot",1,1,6,"AI",1,"1",1,"Since it's specified that John typically doesn't pay when he goes to the grocery store, it is reasonable to assume he never pays.",NA
"12",11,"2024-06-07_15-41_gpt-4_t-1_zero_shot_likert_fr","gpt-4","zero_shot",1,1,6,"AI",2,"4",4,"The text provides no specific frequency regarding how often John buys apples, thus we can only assume it happens sometimes (around 50% of the time) based on his recent grocery trip.",NA
"13",12,"2024-06-07_15-41_gpt-4_t-1_zero_shot_likert_fr","gpt-4","zero_shot",1,10,1,"AI",1,"6 - Usually, about 90% of the time",6,"Olivia pays a lot of attention to her hair. It is reasonable to assume that she uses shampoo almost every time she washes her hair to keep it beautiful.",NA
"14",13,"2024-06-07_15-41_gpt-4_t-1_zero_shot_likert_fr","gpt-4","zero_shot",1,10,1,"AI",2,"2 - Rarely, less than 10% of the time",2,"Given Olivia's attention to her hair and its described beauty, it is likely that she takes great care of it, resulting in rarely finding split ends.",NA
"15",14,"2024-06-07_15-41_gpt-4_t-1_zero_shot_likert_fr","gpt-4","zero_shot",1,10,2,"AI",1,"1 - Never",1,"Olivia is specified as using only a cleansing conditioner for her hair, implying that she does not use shampoo.",NA
"16",15,"2024-06-07_15-41_gpt-4_t-1_zero_shot_likert_fr","gpt-4","zero_shot",1,10,2,"AI",2,"5 - Frequently, about 70% of the time",5,"It is common for people who take care of their hair to occasionally find some split ends, especially when they are specifically focusing on their hair health as Olivia seems to be.",NA
"17",16,"2024-06-07_15-41_gpt-4_t-1_zero_shot_likert_fr","gpt-4","zero_shot",1,10,3,"AI",1,"6 - Usually, about 90% of the time",6,"Given that Olivia pays a lot of attention to her hair, it is plausible that she uses shampoo when washing her hair most of the time to keep it clean and healthy.",NA
"18",17,"2024-06-07_15-41_gpt-4_t-1_zero_shot_likert_fr","gpt-4","zero_shot",1,10,3,"AI",2,"4 - Sometimes, about 50% of the time",4,"There's no specific information in the context about Olivia finding split ends, but since she cares a lot about her hair, she might check it regularly and sometimes find split ends.",NA
"19",18,"2024-06-07_15-41_gpt-4_t-1_zero_shot_likert_fr","gpt-4","zero_shot",1,10,4,"AI",1,"2 - Rarely, less than 10% of the time",2,"The context indicates that Olivia only uses a cleansing conditioner for her hair, that's why it's rare for her to use shampoo.",NA
"20",19,"2024-06-07_15-41_gpt-4_t-1_zero_shot_likert_fr","gpt-4","zero_shot",1,10,4,"AI",2,"4 - Sometimes, about 50% of the time",4,"There's no direct information about Olivia finding split ends in the context but based on common knowledge, even those taking good care of their hair can sometimes find split ends.",NA
"21",20,"2024-06-07_15-41_gpt-4_t-1_zero_shot_likert_fr","gpt-4","zero_shot",1,10,5,"AI",1,"7",7,"Olivia is described as paying a lot of attention to her hair, which implies that she would always use shampoo when washing her hair.",NA
"22",21,"2024-06-07_15-41_gpt-4_t-1_zero_shot_likert_fr","gpt-4","zero_shot",1,10,5,"AI",2,"3",3,"The text suggests that finding split ends was noteworthy for Olivia to mention to Thomas, indicating that it doesn't happen all the time but does occasionally occur.",NA
"23",22,"2024-06-07_15-41_gpt-4_t-1_zero_shot_likert_fr","gpt-4","zero_shot",1,10,6,"AI",1,"1",1,"The context suggests Olivia only uses a cleansing conditioner to wash her hair, so it can be inferred that she never uses shampoo.",NA
"24",23,"2024-06-07_15-41_gpt-4_t-1_zero_shot_likert_fr","gpt-4","zero_shot",1,10,6,"AI",2,"4",4,"Given the nature of split ends and the rarity of their mention in the context, it is reasonable to deduce that Olivia finds split ends sometimes, about 50% of the time.",NA
"25",24,"2024-06-07_15-41_gpt-4_t-1_zero_shot_likert_fr","gpt-4","zero_shot",1,11,1,"AI",1,"7 - Every time",7,"The nature of skydiving involves jumping out of a plane, so every time Jared goes skydiving, he would be jumping out of a plane.",NA
"26",25,"2024-06-07_15-41_gpt-4_t-1_zero_shot_likert_fr","gpt-4","zero_shot",1,11,1,"AI",2,"4 - Sometimes, about 50% of the time",4,"The order of skydivers jumping from the plane could vary each time and there's no information given to suggest that Jared is always the first one to jump, therefore we can assume that he might be the first to jump about 50% of the time.",NA
"27",26,"2024-06-07_15-41_gpt-4_t-1_zero_shot_likert_fr","gpt-4","zero_shot",1,11,2,"AI",1,"7 - Every time",7,"Skydiving courses necessarily involve jumping out of a plane, so Jared would do it every time he goes for skydiving.",NA
"28",27,"2024-06-07_15-41_gpt-4_t-1_zero_shot_likert_fr","gpt-4","zero_shot",1,11,2,"AI",2,"2 - Rarely, less than 10% of the time",2,"Given that Jared is mentioned to be terrified of heights, it is unlikely that he would usually volunteer to be the first to jump from the plane.",NA
"29",28,"2024-06-07_15-41_gpt-4_t-1_zero_shot_likert_fr","gpt-4","zero_shot",1,11,3,"AI",1,"7",7,"Jared is going to a skydiving course and the main activity in skydiving is to jump out of a plane. So, it's completely reasonable to assume that he does it every time he goes to the skydiving course.",NA
"30",29,"2024-06-07_15-41_gpt-4_t-1_zero_shot_likert_fr","gpt-4","zero_shot",1,11,3,"AI",2,"4",4,"The text doesn't provide specific information about the order in which Jared jumps. Therefore, it is reasonable to assume that sometimes Jared might be the first, and sometimes not - hence a 50% probability.",NA
"31",30,"2024-06-07_15-41_gpt-4_t-1_zero_shot_likert_fr","gpt-4","zero_shot",1,11,4,"AI",1,"7",7,"The context implies that when Jared goes to the skydiving course, he jumps out of the plane every time, despite his fear of heights.",NA
"32",31,"2024-06-07_15-41_gpt-4_t-1_zero_shot_likert_fr","gpt-4","zero_shot",1,11,4,"AI",2,"2",2,"The information given in the text does not specify the order of jumping during skydiving; however, considering Jared's fear of heights, he is probably rarely the first one to jump.",NA
"33",32,"2024-06-07_15-41_gpt-4_t-1_zero_shot_likert_fr","gpt-4","zero_shot",1,11,5,"AI",1,"7 - Every time",7,"Jared is participating in skydiving courses, thus his jumps are a fundamental part of his activity at the airfield.",NA
"34",33,"2024-06-07_15-41_gpt-4_t-1_zero_shot_likert_fr","gpt-4","zero_shot",1,11,5,"AI",2,"4 - Sometimes, about 50% of the time",4,"While the text suggests Jared was the first to jump during his recent session, it does not provide enough information to conclude that Jared is always or usually the first to jump when he goes skydiving.",NA
"35",34,"2024-06-07_15-41_gpt-4_t-1_zero_shot_likert_fr","gpt-4","zero_shot",1,11,6,"AI",1,"7",7,"If Jared is attending a skydiving course, it is highly likely that he jumps out of a plane every time since that is the primary component of skydiving.",NA
"36",35,"2024-06-07_15-41_gpt-4_t-1_zero_shot_likert_fr","gpt-4","zero_shot",1,11,6,"AI",2,"5",5,"Based on Stella's text message, we know that Jared was the first to jump at least once, but we don't have enough information to know if he usually jumps first, so it can be speculated that he does it frequently.",NA
"37",36,"2024-06-07_15-41_gpt-4_t-1_zero_shot_likert_fr","gpt-4","zero_shot",1,12,1,"AI",1,"6 - Usually, about 90% of the time.",6,"Amy seems to value writing letters to people she's close to and she likely mails them after writing as the letters are often mentioned in family conversations, suggesting their receipt.",NA
"38",37,"2024-06-07_15-41_gpt-4_t-1_zero_shot_likert_fr","gpt-4","zero_shot",1,12,1,"AI",2,"3 - Occasionally, 30% of the time.",3,"The context doesn't provide any information about how frequently Amy uses expensive stationery. However, as she likes to write letters especially on holidays, she might occasionally splurge on nice stationery for those special occasions.",NA
"39",38,"2024-06-07_15-41_gpt-4_t-1_zero_shot_likert_fr","gpt-4","zero_shot",1,12,2,"AI",1,"1",1,"Based on the context provided, Amy likes to write letters to people but she prefers to keep them to herself rather than mailing them.",NA
"40",39,"2024-06-07_15-41_gpt-4_t-1_zero_shot_likert_fr","gpt-4","zero_shot",1,12,2,"AI",2,"4",4,"There's no information provided about the type of stationery Amy uses when writing a letter, so it has to be assumed as a 50% possibility.",NA
"41",40,"2024-06-07_15-41_gpt-4_t-1_zero_shot_likert_fr","gpt-4","zero_shot",1,12,3,"AI",1,"6 - Usually, about 90% of the time",6,"Given that Amy mails the letter she wrote to her cousin, it is likely that she typically mails letters after writing them.",NA
"42",41,"2024-06-07_15-41_gpt-4_t-1_zero_shot_likert_fr","gpt-4","zero_shot",1,12,3,"AI",2,"3 - Occasionally, 30% of the time",3,"The context does not provide information about Amy using expensive stationery, but since she enjoys writing letters, she might occasionally use nice stationery.",NA
"43",42,"2024-06-07_15-41_gpt-4_t-1_zero_shot_likert_fr","gpt-4","zero_shot",1,12,4,"AI",1,"2 - Rarely, less than 10% of the time",2,"The context suggests Amy usually keeps her letters to herself rather than mailing them, thus implying she rarely mails them.",NA
"44",43,"2024-06-07_15-41_gpt-4_t-1_zero_shot_likert_fr","gpt-4","zero_shot",1,12,4,"AI",2,"4 - Sometimes, about 50% of the time",4,"The context does not provide any specific information about Amy using expensive stationery for her letters, hence an assumption must be made, putting it in the mid-range.",NA
"45",44,"2024-06-07_15-41_gpt-4_t-1_zero_shot_likert_fr","gpt-4","zero_shot",1,12,5,"AI",1,"7 - Every time",7,"The context doesn't explicity mention Amy's habit of mailing the letters she writes, but considering she enjoys writing letters to her close ones, it's fair to assume she mails them every time.",NA
"46",45,"2024-06-07_15-41_gpt-4_t-1_zero_shot_likert_fr","gpt-4","zero_shot",1,12,5,"AI",2,"3 - Occasionally, 30% of the time",3,"Since Steve pointed out that Amy had used expensive stationery for Michelle's letter as something notable, it suggests that Amy does not usually use expensive stationery, possibly only on special occasions or for certain individuals.",NA
"47",46,"2024-06-07_15-41_gpt-4_t-1_zero_shot_likert_fr","gpt-4","zero_shot",1,12,6,"AI",1,"1",1,"Amy prefers to keep her letters to herself rather than mailing them, indicating that she hardly ever mails the letters she writes.",NA
"48",47,"2024-06-07_15-41_gpt-4_t-1_zero_shot_likert_fr","gpt-4","zero_shot",1,12,6,"AI",2,"6",6,"Based on Steve's comment, Amy likely frequently uses expensive stationery for writing letters.",NA
"49",48,"2024-06-07_15-41_gpt-4_t-1_zero_shot_likert_fr","gpt-4","zero_shot",1,13,1,"AI",1,"6 - Usually, about 90% of the time",6,"As it is stated that Adam usually takes the bus to work with the stop being a few blocks from his house, it suggests that he often walks to the bus stop.",NA
"50",49,"2024-06-07_15-41_gpt-4_t-1_zero_shot_likert_fr","gpt-4","zero_shot",1,13,1,"AI",2,"4 - Sometimes, about 50% of the time",4,"Nothing in the context suggests the bus is usually crowded or empty when Adam takes it, so it is reasonable to assume that he occasionally experiences a crowded bus.",NA
"51",50,"2024-06-07_15-41_gpt-4_t-1_zero_shot_likert_fr","gpt-4","zero_shot",1,13,2,"AI",1,"2 - Rarely, less than 10% of the time",2,"The context mentions that Adam ""bikes to the stop although it’s only a few blocks from his house"" implying that he rarely walks to the bus stop.",NA
"52",51,"2024-06-07_15-41_gpt-4_t-1_zero_shot_likert_fr","gpt-4","zero_shot",1,13,2,"AI",2,"4 - Sometimes, about 50% of the time",4,"There is no specific information on how crowded the bus is that Adam takes, it's a situation that can vary from day to day. So it is reasonable to assume that this happens about half of the time.",NA
"53",52,"2024-06-07_15-41_gpt-4_t-1_zero_shot_likert_fr","gpt-4","zero_shot",1,13,3,"AI",1,"6",6,"Given that Adam's mode of transport to work involves a bus and he mentioned he walked to the bus stop, we can infer he usually walks to the bus stop whenever he is taking the bus.",NA
"54",53,"2024-06-07_15-41_gpt-4_t-1_zero_shot_likert_fr","gpt-4","zero_shot",1,13,3,"AI",2,"1",1,"There is no information provided in the context about the bus's crowd or Adam's experience regarding space while traveling on the bus.",NA
"55",54,"2024-06-07_15-41_gpt-4_t-1_zero_shot_likert_fr","gpt-4","zero_shot",1,13,4,"AI",1,"2 - Rarely, less than 10% of the time",2,"In the context, it is stated that Adam usually bikes to the bus stop, so it would be infrequent that he walks instead.",NA
"56",55,"2024-06-07_15-41_gpt-4_t-1_zero_shot_likert_fr","gpt-4","zero_shot",1,13,4,"AI",2,"4 - Sometimes, about 50% of the time",4,"There's no information in the context regarding whether Adam usually has room to stand on the bus. Therefore, choosing a middle value seems reasonable to account for variations in bus crowding.",NA
"57",56,"2024-06-07_15-41_gpt-4_t-1_zero_shot_likert_fr","gpt-4","zero_shot",1,13,5,"AI",1,"6 - Usually, about 90% of the time",6,"Given Adam usually takes the bus to work and the stop is a few blocks from his house, it's likely that he walks to the bus stop most of the time.",NA
"58",57,"2024-06-07_15-41_gpt-4_t-1_zero_shot_likert_fr","gpt-4","zero_shot",1,13,5,"AI",2,"7 - Every time",7,"From the phrase ""I barely had room to stand"", it can be inferred that this is a common occurrence for Adam while taking the bus.",NA
"59",58,"2024-06-07_15-41_gpt-4_t-1_zero_shot_likert_fr","gpt-4","zero_shot",1,13,6,"AI",1,"1",1,"It is explicitly stated in the context that Adam bikes to the bus stop ""usually"", implying he rarely, if ever, walks to the stop.",NA
"60",59,"2024-06-07_15-41_gpt-4_t-1_zero_shot_likert_fr","gpt-4","zero_shot",1,13,6,"AI",2,"7",7,"Adam's comment to Virginia about barely having room to stand could be interpreted as this being a usual experience on his bus journey to work.",NA
"61",60,"2024-06-07_15-41_gpt-4_t-1_zero_shot_likert_fr","gpt-4","zero_shot",1,14,1,"AI",1,"5",5,"Since Esther enjoys clothes shopping with her friends, we can assume that she frequently, about 70% of the time, tries on clothes when shopping, as it's part of the shopping experience.",NA
"62",61,"2024-06-07_15-41_gpt-4_t-1_zero_shot_likert_fr","gpt-4","zero_shot",1,14,1,"AI",2,"4",4,"It's fair to speculate that Esther sometimes, about 50% of the time, comes across a big sale when clothes shopping, as sales in clothing stores are not constant, but occur fairly regularly.",NA
"63",62,"2024-06-07_15-41_gpt-4_t-1_zero_shot_likert_fr","gpt-4","zero_shot",1,14,2,"AI",1,"1",1,"Based on the context, it's stated that Esther finds shopping boring and just reads while her friends browse, which suggests she rarely, if ever, tries on clothes when shopping.",NA
"64",63,"2024-06-07_15-41_gpt-4_t-1_zero_shot_likert_fr","gpt-4","zero_shot",1,14,2,"AI",2,"3",3,"There is nothing specified about sales in the context, but it's reasonable to suggest that occasionally they would come across sales during their shopping trips as that is a common occurrence in retail.",NA
"65",64,"2024-06-07_15-41_gpt-4_t-1_zero_shot_likert_fr","gpt-4","zero_shot",1,14,3,"AI",1,"6 - Usually, about 90% of the time",6,"Given Esther's stated enjoyment of shopping, and her explicit mention of trying on clothes, it's reasonable to infer that she usually tries on clothes when she goes shopping.",NA
"66",65,"2024-06-07_15-41_gpt-4_t-1_zero_shot_likert_fr","gpt-4","zero_shot",1,14,3,"AI",2,"4 - Sometimes, about 50% of the time",4,"The text provides no specific information about how often Esther encounters big sales while shopping; extensive sales are common, but not a guaranteed occurrence during shopping, thus we can assume it happens sometimes.",NA
"67",66,"2024-06-07_15-41_gpt-4_t-1_zero_shot_likert_fr","gpt-4","zero_shot",1,14,4,"AI",1,"2 - Rarely, less than 10% of the time",2,"Given the context that Esther finds clothes shopping boring and typically reads instead, we can infer that she does not often try clothes on herself.",NA
"68",67,"2024-06-07_15-41_gpt-4_t-1_zero_shot_likert_fr","gpt-4","zero_shot",1,14,4,"AI",2,"4 - Sometimes, about 50% of the time",4,"The context does not provide specific information about Esther's encounters with big sales during shopping. However, considering that she frequently accompanies her friends, it's reasonable to assume she would sometimes come across big sales.",NA
"69",68,"2024-06-07_15-41_gpt-4_t-1_zero_shot_likert_fr","gpt-4","zero_shot",1,14,5,"AI",1,"6 - Usually, about 90% of the time",6,"Since Esther enjoys shopping and frequently goes clothes shopping with her friends, it is reasonable to assume she often tries on clothes as part of the shopping experience.",NA
"70",69,"2024-06-07_15-41_gpt-4_t-1_zero_shot_likert_fr","gpt-4","zero_shot",1,14,5,"AI",2,"4 - Sometimes, about 50% of the time",4,"Sales occur periodically and are not always predictable, so while Esther mentions a ""big sale"" in this particular incident, she likely doesn't encounter such sales every time she goes shopping.",NA
"71",70,"2024-06-07_15-41_gpt-4_t-1_zero_shot_likert_fr","gpt-4","zero_shot",1,14,6,"AI",1,"2 - Rarely, less than 10% of the time",2,"Esther is mentioned to be bored by clothes shopping, and she spends her time reading instead of participating actively, suggesting she rarely tries on clothes.",NA
"72",71,"2024-06-07_15-41_gpt-4_t-1_zero_shot_likert_fr","gpt-4","zero_shot",1,14,6,"AI",2,"3 - Occasionally, 30% of the time",3,"While nothing specific is mentioned about Esther finding sales regularly, the fact that she mentions having found a big sale in this particular instance suggests she may occasionally find sales but not very often.",NA
"73",72,"2024-06-07_15-41_gpt-4_t-1_zero_shot_likert_fr","gpt-4","zero_shot",1,15,1,"AI",1,"7",7,"Boiling pasta in water is a fundamental step in pasta preparation, so it is likely that Nick does this every time he makes pasta.",NA
"74",73,"2024-06-07_15-41_gpt-4_t-1_zero_shot_likert_fr","gpt-4","zero_shot",1,15,1,"AI",2,"5",5,"Adding vegetables to pasta is not as fundamental as boiling the pasta, it depends on personal preference and the specific recipe; Nick may frequently but not unfailingly add vegetables.",NA
"75",74,"2024-06-07_15-41_gpt-4_t-1_zero_shot_likert_fr","gpt-4","zero_shot",1,15,2,"AI",1,"2 - Rarely, less than 10% of the time",2,"Nick prefers to bake fresh pasta that doesn’t need to be pre-boiled, so he likely rarely boils pasta.",NA
"76",75,"2024-06-07_15-41_gpt-4_t-1_zero_shot_likert_fr","gpt-4","zero_shot",1,15,2,"AI",2,"4 - Sometimes, about 50% of the time",4,"The text does not provide any information about Nick adding vegetables to his pasta, so it can be assumed he might randomly add vegetables depending on the dish he's making.",NA
"77",76,"2024-06-07_15-41_gpt-4_t-1_zero_shot_likert_fr","gpt-4","zero_shot",1,15,3,"AI",1,"7 - Every time",7,"Boiling pasta in water is the standard way to cook pasta, it's highly unlikely that he wouldn't do this process in pasta preparation.",NA
"78",77,"2024-06-07_15-41_gpt-4_t-1_zero_shot_likert_fr","gpt-4","zero_shot",1,15,3,"AI",2,"4 - Sometimes, about 50% of the time",4,"The text doesn't say if Nick adds vegetables to his pasta dishes. It's normal to sometimes add vegetables to pasta dishes, but since we don't have specific information on Nick's preferences, a median frequency estimate is given.",NA
"79",78,"2024-06-07_15-41_gpt-4_t-1_zero_shot_likert_fr","gpt-4","zero_shot",1,15,4,"AI",1,"2 - Rarely, less than 10% of the time",2,"Based on the context, it's stated that Nick enjoys making fresh pasta that doesn’t need to be pre-boiled. So, he rarely boils pasta.",NA
"80",79,"2024-06-07_15-41_gpt-4_t-1_zero_shot_likert_fr","gpt-4","zero_shot",1,15,4,"AI",2,"4 - Sometimes, about 50% of the time",4,"The context does not provide specific information about Nick usually adding vegetables to his pasta, so it's reasonable to assume he might do it sometimes, given it is common in pasta dishes.",NA
"81",80,"2024-06-07_15-41_gpt-4_t-1_zero_shot_likert_fr","gpt-4","zero_shot",1,15,5,"AI",1,"6",6,"Nick enjoys making pasta dishes, which typically require boiling the pasta in water; thus, it's likely he does this most of the time, but we can't confirm he does it every single time.",NA
"82",81,"2024-06-07_15-41_gpt-4_t-1_zero_shot_likert_fr","gpt-4","zero_shot",1,15,5,"AI",2,"5",5,"Given that Nick mentioned adding vegetables to this particular pasta dish, it's reasonable to assume he frequently does so, but as he did not explicitly state it as a consistent habit, it may not be every time.",NA
"83",82,"2024-06-07_15-41_gpt-4_t-1_zero_shot_likert_fr","gpt-4","zero_shot",1,15,6,"AI",1,"1",1,"Nick is said to prefer making fresh pasta that doesn't need to be pre-boiled indicating that he never usually boils pasta when making it.",NA
"84",83,"2024-06-07_15-41_gpt-4_t-1_zero_shot_likert_fr","gpt-4","zero_shot",1,15,6,"AI",2,"7",7,"Nick adds vegetables to the pasta he prepared for the party, indicating that he always adds vegetables when preparing pasta.",NA
"85",84,"2024-06-07_15-41_gpt-4_t-1_zero_shot_likert_fr","gpt-4","zero_shot",1,16,1,"AI",1,"6",6,"The assumption can be made based on common understanding about baking which typically requires an oven to be preheated before baking a cake, hence it makes sense for Grace to do it usually most of the time.",NA
"86",85,"2024-06-07_15-41_gpt-4_t-1_zero_shot_likert_fr","gpt-4","zero_shot",1,16,1,"AI",2,"4",4,"Since the context doesn't provide information for or against Grace's use of chocolate chips in her cake recipes, it's reasonable to assume it could go either way, about half the time.",NA
"87",86,"2024-06-07_15-41_gpt-4_t-1_zero_shot_likert_fr","gpt-4","zero_shot",1,16,2,"AI",1,"6 - Usually, about 90% of the time.",6,"Even though Grace is described as being bad at following recipes, preheating the oven is a fundamental and common step in baking a cake, so it's likely she usually does it.",NA
"88",87,"2024-06-07_15-41_gpt-4_t-1_zero_shot_likert_fr","gpt-4","zero_shot",1,16,2,"AI",2,"3 - Occasionally, 30% of the time.",3,"Without any specific information on Grace’s preferences or habits in adding chocolate chips to her cakes, it's a reasonable assumption that she does it occasionally based on the particular recipe or mood.",NA
"89",88,"2024-06-07_15-41_gpt-4_t-1_zero_shot_likert_fr","gpt-4","zero_shot",1,16,3,"AI",1,"6",6,"She seems knowledgeable about baking, as she states she preheated the oven, a common step in many baking recipes, so she probably does this a majority of the time.",NA
"90",89,"2024-06-07_15-41_gpt-4_t-1_zero_shot_likert_fr","gpt-4","zero_shot",1,16,3,"AI",2,"4",4,"The text doesn't provide information on whether or not Grace usually adds chocolate chips into her cakes thus we can only speculate that it's a possibility sometimes, but it's not stated as a habit.",NA
"91",90,"2024-06-07_15-41_gpt-4_t-1_zero_shot_likert_fr","gpt-4","zero_shot",1,16,4,"AI",1,"7",7,"Grace mentions that she preheats the oven for her cake this instance, suggesting she follows at least that basic step in the process every time she bakes.",NA
"92",91,"2024-06-07_15-41_gpt-4_t-1_zero_shot_likert_fr","gpt-4","zero_shot",1,16,4,"AI",2,"4",4,"Nothing in the text indicates how frequently Grace adds chocolate chips to her cakes, so it is safe to assume she might do it about half of the time, since this is a common addition to many cake recipes.",NA
"93",92,"2024-06-07_15-41_gpt-4_t-1_zero_shot_likert_fr","gpt-4","zero_shot",1,16,5,"AI",1,"6",6,"As an avid baker, Grace likely pre-heats the oven often, as this is a common step in many baking recipes.",NA
"94",93,"2024-06-07_15-41_gpt-4_t-1_zero_shot_likert_fr","gpt-4","zero_shot",1,16,5,"AI",2,"4",4,"From the given context, we can extract that Grace added chocolate chips to her cake recipe, but it is unclear if she always does this for every recipe.",NA
"95",94,"2024-06-07_15-41_gpt-4_t-1_zero_shot_likert_fr","gpt-4","zero_shot",1,16,6,"AI",1,"6 - Usually, about 90% of the time",6,"Despite her poor skills in following recipes, heating the oven is a basic and crucial step in baking, so Grace likely does this most of the time.",NA
"96",95,"2024-06-07_15-41_gpt-4_t-1_zero_shot_likert_fr","gpt-4","zero_shot",1,16,6,"AI",2,"3 - Occasionally, about 30% of the time",3,"Grace stating that she ""added chocolate chips to the recipe"" as if it is noteworthy suggests that she doesn’t do it very often.",NA
"97",96,"2024-06-07_15-41_gpt-4_t-1_zero_shot_likert_fr","gpt-4","zero_shot",1,17,1,"AI",1,"7 - Every time",7,"Given that he frequently travels, it's highly likely that Greg brings his cell phone along with him on his plane journeys for communication and navigation purposes, like most people.",NA
"98",97,"2024-06-07_15-41_gpt-4_t-1_zero_shot_likert_fr","gpt-4","zero_shot",1,17,1,"AI",2,"4 - Sometimes, about 50% of the time",4,"The context does not provide specific information about Greg's economy status or preference for flight class. Based on common behavior, it can be assumed that he might occasionally upgrade to business class depending on the situation or the flight duration.",NA
"99",98,"2024-06-07_15-41_gpt-4_t-1_zero_shot_likert_fr","gpt-4","zero_shot",1,17,2,"AI",1,"1",1,"Given that Greg hates carrying things around with him when he travels by air and checks absolutely everything into the hold, it's likely that he never carries his cell phone onboard with him.",NA
"100",99,"2024-06-07_15-41_gpt-4_t-1_zero_shot_likert_fr","gpt-4","zero_shot",1,17,2,"AI",2,"4",4,"The context does not provide specific information about Greg's flight class; thus, assuming he is a frequent traveler, he sometimes might fly in business class depending on the length of the flight, his flight points, or company allowances.",NA
"101",100,"2024-06-07_15-41_gpt-4_t-1_zero_shot_likert_fr","gpt-4","zero_shot",1,17,3,"AI",1,"7 - Every time",7,"Given the widespread usage and dependence on mobile phones, it can be reasonably assumed that Greg carries his phone on board every time he travels.",NA
"102",101,"2024-06-07_15-41_gpt-4_t-1_zero_shot_likert_fr","gpt-4","zero_shot",1,17,3,"AI",2,"4 - Sometimes, about 50% of the time",4,"The text does not provide specific information about Greg's flying class, therefore it is reasonable to speculate that sometimes he gets into business class and sometimes he doesn't, depending on a variety of factors such as availability, cost, and length of flight.",NA
"103",102,"2024-06-07_15-41_gpt-4_t-1_zero_shot_likert_fr","gpt-4","zero_shot",1,17,4,"AI",1,"2 - Rarely, less than 10% of the time",2,"Given that Greg hates carrying things around and checks everything into the hold, it's likely that he rarely takes his cell phone with him on board. His comment to Helen seems to indicate that taking his cell phone on board is an unusual event.",NA
"104",103,"2024-06-07_15-41_gpt-4_t-1_zero_shot_likert_fr","gpt-4","zero_shot",1,17,4,"AI",2,"4 - Sometimes, about 50% of the time",4,"Based on the information given, we cannot definitively state how often Greg flies business class. Therefore, an average frequency is speculated based on general possibilities.",NA
"105",104,"2024-06-07_15-41_gpt-4_t-1_zero_shot_likert_fr","gpt-4","zero_shot",1,17,5,"AI",1,"7",7,"Greg frequently travels by air, and it's common for individuals to carry their cell phones with them while traveling.",NA
"106",105,"2024-06-07_15-41_gpt-4_t-1_zero_shot_likert_fr","gpt-4","zero_shot",1,17,5,"AI",2,"3",3,"Greg made a point to tell Helen he managed to get into business class for this particular trip, which implies that it doesn't happen often.",NA
"107",106,"2024-06-07_15-41_gpt-4_t-1_zero_shot_likert_fr","gpt-4","zero_shot",1,17,6,"AI",1,"1 - Never",1,"Based on the provided information, Greg hates carrying things around with him and checks absolutely everything into the hold, implying he never carries his phone with him on plane.",NA
"108",107,"2024-06-07_15-41_gpt-4_t-1_zero_shot_likert_fr","gpt-4","zero_shot",1,17,6,"AI",2,"3 - Occasionally",3,"While Greg did mention to Helen that he was in business class for this specific flight, this does not provide enough evidence to suggest he frequently or always flies business, so given the limited information, it would be fair to assume this happens occasionally.",NA
"109",108,"2024-06-07_15-41_gpt-4_t-1_zero_shot_likert_fr","gpt-4","zero_shot",1,18,1,"AI",1,"7 - Every time",7,"As Sandy usually cuts her own hair and generally scissors are the most common tool used for cutting hair, it can be assumed she uses them every time.",NA
"110",109,"2024-06-07_15-41_gpt-4_t-1_zero_shot_likert_fr","gpt-4","zero_shot",1,18,1,"AI",2,"3 - Occasionally, 30% of the time",3,"Without professional training, errors like cutting hair shorter than intended can likely happen occasionally, but if this happened frequently, Sandy might consider a different approach or seek professional help.",NA
"111",110,"2024-06-07_15-41_gpt-4_t-1_zero_shot_likert_fr","gpt-4","zero_shot",1,18,2,"AI",1,"1",1,"Sandy cuts her hair by using a buzzer and there was no mention of using scissors.",NA
"112",111,"2024-06-07_15-41_gpt-4_t-1_zero_shot_likert_fr","gpt-4","zero_shot",1,18,2,"AI",2,"4",4,"The text does not provide any specific details about precision of Sandy's haircuts, so we assume she is sometimes off the intended length based on general knowledge of human error when doing things by oneself.",NA
"113",112,"2024-06-07_15-41_gpt-4_t-1_zero_shot_likert_fr","gpt-4","zero_shot",1,18,3,"AI",1,"7 - Every time",7,"For Sandy to specifically mention using scissors while cutting her hair, it's likely that this is her common tool for doing so.",NA
"114",113,"2024-06-07_15-41_gpt-4_t-1_zero_shot_likert_fr","gpt-4","zero_shot",1,18,3,"AI",2,"3 - Occasionally, 30% of the time",3,"There's no exact information about how often Sandy ends up cutting her hair shorter than intended, but since she has no training, it is reasonable to assume she may occasionally make mistakes.",NA
"115",114,"2024-06-07_15-41_gpt-4_t-1_zero_shot_likert_fr","gpt-4","zero_shot",1,18,4,"AI",1,"2 - Rarely, less than 10% of the time",2,"The context mentions Sandy usually cuts her hair using a buzzer, therefore it is unlikely she frequently uses scissors when cutting her hair.",NA
"116",115,"2024-06-07_15-41_gpt-4_t-1_zero_shot_likert_fr","gpt-4","zero_shot",1,18,4,"AI",2,"4 - Sometimes, about 50% of the time",4,"The information in the context does not provide any indication regarding the precision of Sandy's haircuts, therefore it is reasonable to assume that sometimes she might cut it a bit shorter than intended.",NA
"117",116,"2024-06-07_15-41_gpt-4_t-1_zero_shot_likert_fr","gpt-4","zero_shot",1,18,5,"AI",1,"7",7,"Given that Sandy usually cuts her own hair, it's likely she uses scissors every time, as scissors are the most common tool for at-home haircuts.",NA
"118",117,"2024-06-07_15-41_gpt-4_t-1_zero_shot_likert_fr","gpt-4","zero_shot",1,18,5,"AI",2,"3",3,"Based on the context, it seems that cutting her hair shorter than intended is not something that happens every time, but it happened in the most recent instance. This suggests that it might occur occasionally.",NA
"119",118,"2024-06-07_15-41_gpt-4_t-1_zero_shot_likert_fr","gpt-4","zero_shot",1,18,6,"AI",1,"2",2,"The context states that Sandy cuts her hair using a buzzer, which implies that she rarely uses scissors for cutting her hair.",NA
"120",119,"2024-06-07_15-41_gpt-4_t-1_zero_shot_likert_fr","gpt-4","zero_shot",1,18,6,"AI",2,"3",3,"Sandy mentioned that she cut her hair a bit shorter than intended, which suggests that she occasionally makes this mistake when cutting her hair.",NA
"121",120,"2024-06-07_15-41_gpt-4_t-1_zero_shot_likert_fr","gpt-4","zero_shot",1,19,1,"AI",1,"7",7,"Since Henry is going specifically to a photo exhibition, it's safe to assume he views photographs every time he attends such an event.",NA
"122",121,"2024-06-07_15-41_gpt-4_t-1_zero_shot_likert_fr","gpt-4","zero_shot",1,19,1,"AI",2,"3",3,"The context does not provide enough information about Henry's purchasing habits, however, considering the usual buyer's behavior and the fact that not everyone who attends an exhibition buys artwork, Henry might occasionally decide to buy a photograph.",NA
"123",122,"2024-06-07_15-41_gpt-4_t-1_zero_shot_likert_fr","gpt-4","zero_shot",1,19,2,"AI",1,"5 - Frequently, about 70% of the time",5,"Despite Henry being dragged to art exhibitions, he must be looking at the exhibitions to some extent, even if it's just out of courtesy to his girlfriend or to pass time at the exhibitions. It's unlikely he avoids the art completely.",NA
"124",123,"2024-06-07_15-41_gpt-4_t-1_zero_shot_likert_fr","gpt-4","zero_shot",1,19,2,"AI",2,"2 - Rarely, less than 10% of the time",2,"As Henry is dragged to the exhibitions by his girlfriend, it seems like he is not particularly interested in art himself. Therefore, he wouldn't often be motivated to buy a photograph.",NA
"125",124,"2024-06-07_15-41_gpt-4_t-1_zero_shot_likert_fr","gpt-4","zero_shot",1,19,3,"AI",1,"7 - Every time",7,"Since Henry visits art exhibitions frequently and the text indicates he looked at the photographs, it is safe to assume he engages with the exhibits each time.",NA
"126",125,"2024-06-07_15-41_gpt-4_t-1_zero_shot_likert_fr","gpt-4","zero_shot",1,19,3,"AI",2,"2 - Rarely, less than 10% of the time",2,"The text does not provide any information about Henry buying photographs; hence, it‘s difficult to provide a high frequency rating.",NA
"127",126,"2024-06-07_15-41_gpt-4_t-1_zero_shot_likert_fr","gpt-4","zero_shot",1,19,4,"AI",1,"7 - Every time",7,"Henry mentioned that he looks at the photographs when he goes to photo exhibits, implying that he engages with the exhibits despite going because of his girlfriend's interest.",NA
"128",127,"2024-06-07_15-41_gpt-4_t-1_zero_shot_likert_fr","gpt-4","zero_shot",1,19,4,"AI",2,"1 - Never",1,"There was no mention of Henry buying photographs in the context provided, and given his lack of personal interest in art exhibitions, it can be assumed he rarely or never purchases any.",NA
"129",128,"2024-06-07_15-41_gpt-4_t-1_zero_shot_likert_fr","gpt-4","zero_shot",1,19,5,"AI",1,"7",7,"As Henry often visits the art museum and specifically mentioned a photo exhibit, it is reasonable to conclude that he looks at photographs every time he goes to a photo exhibit.",NA
"130",129,"2024-06-07_15-41_gpt-4_t-1_zero_shot_likert_fr","gpt-4","zero_shot",1,19,5,"AI",2,"3",3,"The context suggests that buying a photograph is not a routine occurrence for Henry, he mentioned it to his friend as something noteworthy, implying that he may only occasionally decide to purchase a photograph at exhibitions.",NA
"131",130,"2024-06-07_15-41_gpt-4_t-1_zero_shot_likert_fr","gpt-4","zero_shot",1,19,6,"AI",1,"7",7,"Given that Henry attends art exhibitions, it would be reasonable to assume that he looks at the photographs every time, even if he's not necessarily interested in the exhibit.",NA
"132",131,"2024-06-07_15-41_gpt-4_t-1_zero_shot_likert_fr","gpt-4","zero_shot",1,19,6,"AI",2,"2",2,"Given the context, it seems quite unexpected for Henry to buy a photograph, suggesting this is a rare occurrence.",NA
"133",132,"2024-06-07_15-41_gpt-4_t-1_zero_shot_likert_fr","gpt-4","zero_shot",1,2,1,"AI",1,"7",7,"As a journalist who often goes to restaurants, it's safe to assume that Mary eats at these restaurants every time.",NA
"134",133,"2024-06-07_15-41_gpt-4_t-1_zero_shot_likert_fr","gpt-4","zero_shot",1,2,1,"AI",2,"2",2,"It's typically not standard for customers, including Mary, to see the kitchen when they go to a restaurant unless arranged specifically, so this happens rarely.",NA
"135",134,"2024-06-07_15-41_gpt-4_t-1_zero_shot_likert_fr","gpt-4","zero_shot",1,2,2,"AI",1,"1",1,"As the context mentions, Mary doesn't like eating out, so it is likely that she never eats when she goes to a restaurant.",NA
"136",135,"2024-06-07_15-41_gpt-4_t-1_zero_shot_likert_fr","gpt-4","zero_shot",1,2,2,"AI",2,"4",4,"Since Mary is a journalist who often interviews restaurant waiters, it is plausible to assume she sometimes gets to see the kitchen when going to a restaurant.",NA
"137",136,"2024-06-07_15-41_gpt-4_t-1_zero_shot_likert_fr","gpt-4","zero_shot",1,2,3,"AI",1,"7",7,"Since Mary goes to restaurants often after her interviews and it was stated that she “ate there”, it can be inferred that she usually eats every time she visits a restaurant.",NA
"138",137,"2024-06-07_15-41_gpt-4_t-1_zero_shot_likert_fr","gpt-4","zero_shot",1,2,3,"AI",2,"2",2,"The context doesn’t suggest that Mary engages in activities beyond dining in restaurants, like visiting the kitchen; hence, it's assumed to happen rarely.",NA
"139",138,"2024-06-07_15-41_gpt-4_t-1_zero_shot_likert_fr","gpt-4","zero_shot",1,2,4,"AI",1,"2",2,"Given the context, Mary doesn't like eating out which suggests she rarely eats when visiting restaurants, perhaps less than 10% of the time or only when absolutely necessary.",NA
"140",139,"2024-06-07_15-41_gpt-4_t-1_zero_shot_likert_fr","gpt-4","zero_shot",1,2,4,"AI",2,"5",5,"As a journalist who often interviews restaurant waiters, Mary likely frequently gets to see the kitchen, around 70% of the time, because it could be a necessary part of her interviewing process.",NA
"141",140,"2024-06-07_15-41_gpt-4_t-1_zero_shot_likert_fr","gpt-4","zero_shot",1,2,5,"AI",1,"7",7,"It is generally understood that people go to restaurants to eat, so it's reasonable to assume Mary eats every time she goes to a restaurant.",NA
"142",141,"2024-06-07_15-41_gpt-4_t-1_zero_shot_likert_fr","gpt-4","zero_shot",1,2,5,"AI",2,"2",2,"Seeing the kitchen is not a common occurrence when going to a restaurant, so it's likely that Mary rarely gets this experience.",NA
"143",142,"2024-06-07_15-41_gpt-4_t-1_zero_shot_likert_fr","gpt-4","zero_shot",1,2,6,"AI",1,"1",1,"Since it is mentioned in the context that Mary doesn't like eating out, it can be inferred that she never eats at restaurants.",NA
"144",143,"2024-06-07_15-41_gpt-4_t-1_zero_shot_likert_fr","gpt-4","zero_shot",1,2,6,"AI",2,"5",5,"As a journalist who often interviews restaurant waiters, Mary frequently has a chance to enter the kitchen, as it's part of her professional activity.",NA
"145",144,"2024-06-07_15-41_gpt-4_t-1_zero_shot_likert_fr","gpt-4","zero_shot",1,20,1,"AI",1,"6 - Usually, about 90% of the time",6,"It's probably a habitual routine for Helen to lock her car every time she parks it, given that this is fairly standard practice for a majority of drivers.",NA
"146",145,"2024-06-07_15-41_gpt-4_t-1_zero_shot_likert_fr","gpt-4","zero_shot",1,20,1,"AI",2,"2 - Rarely, less than 10% of the time",2,"It is not frequent for tail lights to fail and it often goes unnoticed until pointed out by someone or seen during a regular car inspection.",NA
"147",146,"2024-06-07_15-41_gpt-4_t-1_zero_shot_likert_fr","gpt-4","zero_shot",1,20,2,"AI",1,"4 - Sometimes, about 50% of the time",4,"Given that Helen is described as incredibly scatter-brained, we can assume that she might forget to lock her car about as often as she remembers to do it.",NA
"148",147,"2024-06-07_15-41_gpt-4_t-1_zero_shot_likert_fr","gpt-4","zero_shot",1,20,2,"AI",2,"2 - Rarely, less than 10% of the time",2,"Tail lights going out is a relatively rarer occurrence compared to forgetting to lock the car, and the context does not note anything about Helen being particularly mindful about the state of her car's tail lights.",NA
"149",148,"2024-06-07_15-41_gpt-4_t-1_zero_shot_likert_fr","gpt-4","zero_shot",1,20,3,"AI",1,"7",7,"Helen emphasizing that she locked her car implies that she does this every time she parks it.",NA
"150",149,"2024-06-07_15-41_gpt-4_t-1_zero_shot_likert_fr","gpt-4","zero_shot",1,20,3,"AI",2,"2",2,"There is no information provided about Helen frequently discovering an out tail light, and since such an incident is relatively rare, it's safe to assume that this happens rarely.",NA
"151",150,"2024-06-07_15-41_gpt-4_t-1_zero_shot_likert_fr","gpt-4","zero_shot",1,20,4,"AI",1,"6 - Usually, about 90% of the time",6,"Since Helen made a point to tell Peter that she locked her car, it can be assumed that she pays attention to this detail, suggesting that she usually does this.",NA
"152",151,"2024-06-07_15-41_gpt-4_t-1_zero_shot_likert_fr","gpt-4","zero_shot",1,20,4,"AI",2,"2 - Rarely, less than 10% of the time",2,"The context does not provide specific information about Helen checking tail lights, and considering tail light issues do not occur frequently, she probably discovers such issues rarely.",NA
"153",152,"2024-06-07_15-41_gpt-4_t-1_zero_shot_likert_fr","gpt-4","zero_shot",1,20,5,"AI",1,"6 - Usually, about 90% of the time",6,"In general, most people lock their cars nearly every time they park, to secure their belongings and the car itself, although the text does not specifically reference Helen's habit in this regard.",NA
"154",153,"2024-06-07_15-41_gpt-4_t-1_zero_shot_likert_fr","gpt-4","zero_shot",1,20,5,"AI",2,"2 - Rarely, less than 10% of the time",2,"Tail lights are a durable part of a car and do not routinely go out. Therefore, it's likely that Helen would only discover this issue infrequently.",NA
"155",154,"2024-06-07_15-41_gpt-4_t-1_zero_shot_likert_fr","gpt-4","zero_shot",1,20,6,"AI",1,"6",6,"Considering Helen's regular habit of driving to work, it is likely that she usually locks her car after parking it, despite being scatter-brained. This is a common part of routine for car owners.",NA
"156",155,"2024-06-07_15-41_gpt-4_t-1_zero_shot_likert_fr","gpt-4","zero_shot",1,20,6,"AI",2,"2",2,"It is rare for car tail lights to go out, and even when they do, drivers might not often notice immediately after parking. This suggests that Helen discovering a malfunctioning tail light is not a frequent occurrence.",NA
"157",156,"2024-06-07_15-41_gpt-4_t-1_zero_shot_likert_fr","gpt-4","zero_shot",1,21,1,"AI",1,"6 - Usually, about 90% of the time",6,"It's implied that Gary orders pizza often; therefore, since he's a frequent customer, he likely has his preferred toppings which he chooses most of the time.",NA
"158",157,"2024-06-07_15-41_gpt-4_t-1_zero_shot_likert_fr","gpt-4","zero_shot",1,21,1,"AI",2,"2 - Rarely, less than 10% of the time",2,"The context doesn't mention any use of gift certificates. While it's possible that Gary uses them, based solely on the given information we should assume he most likely pays by standard means and uses gift certificates rarely.",NA
"159",158,"2024-06-07_15-41_gpt-4_t-1_zero_shot_likert_fr","gpt-4","zero_shot",1,21,2,"AI",1,"2 - Rarely, less than 10% of the time",2,"The context states that Gary does not usually get to choose which type of pizza to get, so it is likely that he rarely picks the toppings when he orders pizza.",NA
"160",159,"2024-06-07_15-41_gpt-4_t-1_zero_shot_likert_fr","gpt-4","zero_shot",1,21,2,"AI",2,"4 - Sometimes, about 50% of the time",4,"The context doesn't provide explicit information about Gary's use of gift certificates when ordering pizza, so it's assumed that it's a possibility he could use them at times.",NA
"161",160,"2024-06-07_15-41_gpt-4_t-1_zero_shot_likert_fr","gpt-4","zero_shot",1,21,3,"AI",1,"7 - Every time",7,"Gary is confirmed to be an individual who chooses his own pizza toppings, as he proudly mentioned this detail to his colleague.",NA
"162",161,"2024-06-07_15-41_gpt-4_t-1_zero_shot_likert_fr","gpt-4","zero_shot",1,21,3,"AI",2,"2 - Rarely, less than 10% of the time",2,"There was no mention of Gary using a gift certificate, so it is less probable that he frequently uses them when ordering pizzas.",NA
"163",162,"2024-06-07_15-41_gpt-4_t-1_zero_shot_likert_fr","gpt-4","zero_shot",1,21,4,"AI",1,"2 - Rarely, less than 10% of the time",2,"Since the context states that ""Gary often orders pizza at work, but doesn’t usually get to choose which type of pizza to get"", it can be inferred that Gary usually doesn't decide on the toppings.",NA
"164",163,"2024-06-07_15-41_gpt-4_t-1_zero_shot_likert_fr","gpt-4","zero_shot",1,21,4,"AI",2,"1 - Never",1,"There is no information available in the provided context about Gary using a gift certificate when ordering pizza.",NA
"165",164,"2024-06-07_15-41_gpt-4_t-1_zero_shot_likert_fr","gpt-4","zero_shot",1,21,5,"AI",1,"6 - Usually, about 90% of the time",6,"As Gary often orders pizza, he probably usually chooses his own toppings to ensure he is getting something he enjoys.",NA
"166",165,"2024-06-07_15-41_gpt-4_t-1_zero_shot_likert_fr","gpt-4","zero_shot",1,21,5,"AI",2,"3 - Occasionally, 30% of the time",3,"Since Gary highlighted his use of a gift certificate, it can be inferred that it's not his typical payment method and he only uses it occasionally.",NA
"167",166,"2024-06-07_15-41_gpt-4_t-1_zero_shot_likert_fr","gpt-4","zero_shot",1,21,6,"AI",1,"2 - Rarely, less than 10% of the time",2,"Based on the context, Gary does not usually get to choose the type of pizza, which implies that he rarely picks the toppings when ordering pizza.",NA
"168",167,"2024-06-07_15-41_gpt-4_t-1_zero_shot_likert_fr","gpt-4","zero_shot",1,21,6,"AI",2,"3 - Occasionally, 30% of the time",3,"While the specific context mentions Gary using a gift certificate, there is no indication that he frequently or usually does so, leading to an assumption that he might use it occasionally.",NA
"169",168,"2024-06-07_15-41_gpt-4_t-1_zero_shot_likert_fr","gpt-4","zero_shot",1,22,1,"AI",1,"7 - Every time",7,"Since Julia is conscious about not annoying her roommates, she would make sure to rinse the dishes properly every time she does them to maintain cleanliness and prevent smell.",NA
"170",169,"2024-06-07_15-41_gpt-4_t-1_zero_shot_likert_fr","gpt-4","zero_shot",1,22,1,"AI",2,"3 - Occasionally, 30% of the time",3,"Polishing dishes isn't typically a part of the standard dishwashing procedure unlike rinsing, so it's likely that Julia doesn't do it as often - probably only when she believes it's necessary or has extra time.",NA
"171",170,"2024-06-07_15-41_gpt-4_t-1_zero_shot_likert_fr","gpt-4","zero_shot",1,22,2,"AI",1,"3 - Occasionally, 30% of the time",3,"The context states that Julia ""doesn’t always bother to rinse them,"" suggesting that she occasionally rinse the dishes after washing them but not consistently.",NA
"172",171,"2024-06-07_15-41_gpt-4_t-1_zero_shot_likert_fr","gpt-4","zero_shot",1,22,2,"AI",2,"2 - Rarely, less than 10% of the time",2,"The context does not mention Julia polishing the dishes at all, so it can be inferred that she rarely or never takes this extra step when doing the dishes.",NA
"173",172,"2024-06-07_15-41_gpt-4_t-1_zero_shot_likert_fr","gpt-4","zero_shot",1,22,3,"AI",1,"7",7,"Since Julia specifically mentions that she rinses the dishes, it's fair to deduce she does this every time she washes them.",NA
"174",173,"2024-06-07_15-41_gpt-4_t-1_zero_shot_likert_fr","gpt-4","zero_shot",1,22,3,"AI",2,"2",2,"Polishing the dishes is not mentioned in the context anywhere , so it would be fair to assume that Julia rarely, if ever, polishes the dishes while washing them.",NA
"175",174,"2024-06-07_15-41_gpt-4_t-1_zero_shot_likert_fr","gpt-4","zero_shot",1,22,4,"AI",1,"2 - Rarely, less than 10% of the time",2,"The statement that Julia ""doesn't always bother to rinse them"" indicates that she rarely rinses the dishes even though she does clean them frequently.",NA
"176",175,"2024-06-07_15-41_gpt-4_t-1_zero_shot_likert_fr","gpt-4","zero_shot",1,22,4,"AI",2,"1 - Never",1,"There is no information provided in the context that implies Julia polishes the dishes after washing them.",NA
"177",176,"2024-06-07_15-41_gpt-4_t-1_zero_shot_likert_fr","gpt-4","zero_shot",1,22,5,"AI",1,"7",7,"Julia is described as always trying to wash the dishes after eating, suggesting she also likely rinses the dishes each time she does them.",NA
"178",177,"2024-06-07_15-41_gpt-4_t-1_zero_shot_likert_fr","gpt-4","zero_shot",1,22,5,"AI",2,"6",6,"In the conversation, Julia mentions polishing dishes after doing them, which implies that she frequently, if not always, polishes them. However, there's a slight chance she might not do it every time.",NA
"179",178,"2024-06-07_15-41_gpt-4_t-1_zero_shot_likert_fr","gpt-4","zero_shot",1,22,6,"AI",1,"1",1,"The context states that Julia does not always bother to rinse the dishes, implying that she rarely does it.",NA
"180",179,"2024-06-07_15-41_gpt-4_t-1_zero_shot_likert_fr","gpt-4","zero_shot",1,22,6,"AI",2,"7",7,"Julia explicitly stated to Justin that she polished the dishes, suggesting that she does this every time she does the dishes.",NA
"181",180,"2024-06-07_15-41_gpt-4_t-1_zero_shot_likert_fr","gpt-4","zero_shot",1,23,1,"AI",1,"7 - Every time",7,"Since Emma ""often borrows books from the library"" and was going home with books, it is logical to assume she checks out the books every time she decides to get some.",NA
"182",181,"2024-06-07_15-41_gpt-4_t-1_zero_shot_likert_fr","gpt-4","zero_shot",1,23,1,"AI",2,"4 - Sometimes, about 50% of the time",4,"The narrative does not provide any specific details about Emma's interest or frequency of visiting the library's exhibit, hence an average frequency is assumed.",NA
"183",182,"2024-06-07_15-41_gpt-4_t-1_zero_shot_likert_fr","gpt-4","zero_shot",1,23,2,"AI",1,"1 - Never",1,"The context mentions that Emma steals books from the library, which implies she doesn't go through the usual check out process.",NA
"184",183,"2024-06-07_15-41_gpt-4_t-1_zero_shot_likert_fr","gpt-4","zero_shot",1,23,2,"AI",2,"4 - Sometimes, about 50% of the time",4,"Since it's not explicitly stated in the context, it's an assumption that Emma might or might not look at the library's exhibit when getting some books.",NA
"185",184,"2024-06-07_15-41_gpt-4_t-1_zero_shot_likert_fr","gpt-4","zero_shot",1,23,3,"AI",1,"7",7,"As checking out is a mandatory process when borrowing books from a library, Emma would need to check out books every time she borrows them.",NA
"186",185,"2024-06-07_15-41_gpt-4_t-1_zero_shot_likert_fr","gpt-4","zero_shot",1,23,3,"AI",2,"3",3,"The context doesn't provide information on whether Emma looks at the library's exhibit or not. It's possible that she occasionally checks it out, but not is not a consistent habit.",NA
"187",186,"2024-06-07_15-41_gpt-4_t-1_zero_shot_likert_fr","gpt-4","zero_shot",1,23,4,"AI",1,"1",1,"The context suggests that Emma often steals books from the library, leading us to infer that she never actually checks them out legitimately.",NA
"188",187,"2024-06-07_15-41_gpt-4_t-1_zero_shot_likert_fr","gpt-4","zero_shot",1,23,4,"AI",2,"3",3,"There's no mention about Emma looking at the library's exhibit when getting some books at the library, so we can only speculate that she does it occasionally.",NA
"189",188,"2024-06-07_15-41_gpt-4_t-1_zero_shot_likert_fr","gpt-4","zero_shot",1,23,5,"AI",1,"7",7,"Checking out books is an integral part of the borrowing process, so every time Emma borrows books from the library, she would have to check them out.",NA
"190",189,"2024-06-07_15-41_gpt-4_t-1_zero_shot_likert_fr","gpt-4","zero_shot",1,23,5,"AI",2,"5",5,"Even though she specifically mentions she looked at the exhibit this time, we do not have sufficient information to suggest that she does this every time she visits the library. It's probable that she frequently does, based on her interest in books.",NA
"191",190,"2024-06-07_15-41_gpt-4_t-1_zero_shot_likert_fr","gpt-4","zero_shot",1,23,6,"AI",1,"1",1,"Based on the context, Emma often ""steals"" or takes books without checking them out; therefore, it can be inferred that she rarely, if ever, officially checks out books from the library.",NA
"192",191,"2024-06-07_15-41_gpt-4_t-1_zero_shot_likert_fr","gpt-4","zero_shot",1,23,6,"AI",2,"4",4,"As per the provided context, Emma mentioned that she looked at the library's exhibit this time but her regular habit of doing so is not specified, so it can be speculated that it happens sometimes, around 50% of the time.",NA
"193",192,"2024-06-07_15-41_gpt-4_t-1_zero_shot_likert_fr","gpt-4","zero_shot",1,24,1,"AI",1,"6",6,"Since Logan recently started doing his own laundry, he would probably use detergent almost every time for basic cleanliness, hence the rating of 6.",NA
"194",193,"2024-06-07_15-41_gpt-4_t-1_zero_shot_likert_fr","gpt-4","zero_shot",1,24,1,"AI",2,"3",3,"It's less clear that Logan would often be using softener, as this requires a more specific knowledge and interest in laundry than just using detergent, hence the rating of 3.",NA
"195",194,"2024-06-07_15-41_gpt-4_t-1_zero_shot_likert_fr","gpt-4","zero_shot",1,24,2,"AI",1,"2 - Rarely, less than 10% of the time",2,"Given the context that Logan can't get a handle even on the basics of doing laundry, it is assumed that he may often forget to use detergent which is a basic step in laundry.",NA
"196",195,"2024-06-07_15-41_gpt-4_t-1_zero_shot_likert_fr","gpt-4","zero_shot",1,24,2,"AI",2,"1 - Never",1,"It's implied in the context that Logan struggles with the basics of doing laundry, thus it's reasonable to assume that he does not add more advanced components like fabric softener.",NA
"197",196,"2024-06-07_15-41_gpt-4_t-1_zero_shot_likert_fr","gpt-4","zero_shot",1,24,3,"AI",1,"6 - Usually, about 90% of the time",6,"Logan seems proud of using the detergent, suggesting that it is not every single time, but he's getting the hang of it. It's reasonable to assume that he should be using it most times by now.",NA
"198",197,"2024-06-07_15-41_gpt-4_t-1_zero_shot_likert_fr","gpt-4","zero_shot",1,24,3,"AI",2,"2 - Rarely, less than 10% of the time",2,"There is no mention of Logan using softener in the context given. If Logan had used softener, he might have proudly claimed that just like with the detergent.",NA
"199",198,"2024-06-07_15-41_gpt-4_t-1_zero_shot_likert_fr","gpt-4","zero_shot",1,24,4,"AI",1,"5 - Frequently, about 70% of the time",5,"Logan has just started doing his own laundry and although he struggles with the basics, he mentions using detergent, implying that he recognizes its importance and likely uses it frequently.",NA
"200",199,"2024-06-07_15-41_gpt-4_t-1_zero_shot_likert_fr","gpt-4","zero_shot",1,24,4,"AI",2,"2 - Rarely, less than 10% of the time",2,"There is no reference to Logan using softener. Given that he struggles with the basics of doing laundry, it's reasonable to assume he doesn't usually add softener.",NA
"201",200,"2024-06-07_15-41_gpt-4_t-1_zero_shot_likert_fr","gpt-4","zero_shot",1,24,5,"AI",1,"7",7,"Logan must use detergent every time he does laundry, as it's a common necessity to clean clothes.",NA
"202",201,"2024-06-07_15-41_gpt-4_t-1_zero_shot_likert_fr","gpt-4","zero_shot",1,24,5,"AI",2,"5",5,"Logan mentions using softener which suggests he is familiar with using it, but the use of the word 'just' may indicate that he does not do this every time.",NA
"203",202,"2024-06-07_15-41_gpt-4_t-1_zero_shot_likert_fr","gpt-4","zero_shot",1,24,6,"AI",1,"2 - Rarely, less than 10% of the time",2,"Based on the context, it seems that Logan is still trying to figure out the basics of doing laundry and he did not mention using detergent which is a basic requirement, indicating he probably doesn't use detergent often.",NA
"204",203,"2024-06-07_15-41_gpt-4_t-1_zero_shot_likert_fr","gpt-4","zero_shot",1,24,6,"AI",2,"7 - Every time",7,"Logan specifically mentioned to Sophia that he added some softener to the wash, which implies that he consistently does this whenever he does laundry.",NA
"205",204,"2024-06-07_15-41_gpt-4_t-1_zero_shot_likert_fr","gpt-4","zero_shot",1,3,1,"AI",1,"6 - Usually, about 90% of the time",6,"Since it is Jim's job to feed the dog, it is assumed that he also takes care of related responsibilities that include discarding the empty can.",NA
"206",205,"2024-06-07_15-41_gpt-4_t-1_zero_shot_likert_fr","gpt-4","zero_shot",1,3,1,"AI",2,"2 - Rarely, less than 10% of the time",2,"The text does not mention any specific health issues of the dog that would require medication, therefore it is assumed that Jim rarely needs to add medicine to the food.",NA
"207",206,"2024-06-07_15-41_gpt-4_t-1_zero_shot_likert_fr","gpt-4","zero_shot",1,3,2,"AI",1,"2 - Rarely, less than 10% of the time",2,"Given the context suggesting Jim's lack of cleanliness in common areas, it's likely that he doesn't often dispose of his dog food cans properly.",NA
"208",207,"2024-06-07_15-41_gpt-4_t-1_zero_shot_likert_fr","gpt-4","zero_shot",1,3,2,"AI",2,"1 - Never",1,"There's no information in the context suggesting that Jim's dog needs medication or that Jim adds it to the food regularly or at all.",NA
"209",208,"2024-06-07_15-41_gpt-4_t-1_zero_shot_likert_fr","gpt-4","zero_shot",1,3,3,"AI",1,"7 - Every time",7,"From the way Lucy mentioned it to Carl, it appears that Jim always throws away the can after feeding the dog as it sounded more like an observation than a surprise.",NA
"210",209,"2024-06-07_15-41_gpt-4_t-1_zero_shot_likert_fr","gpt-4","zero_shot",1,3,3,"AI",2,"1 - Never",1,"There is no mention in the text that Jim adds medicine to the dog's food when feeding it, thus, it can be assumed that he never usually does this.",NA
"211",210,"2024-06-07_15-41_gpt-4_t-1_zero_shot_likert_fr","gpt-4","zero_shot",1,3,4,"AI",1,"7 - Every time",7,"Lucy's remark to Carl ""He threw the can away!"" seems to carry a note of surprise, implying that Jim consistently discards the can, which is not usual behavior in their shared living context.",NA
"212",211,"2024-06-07_15-41_gpt-4_t-1_zero_shot_likert_fr","gpt-4","zero_shot",1,3,4,"AI",2,"1 - Never",1,"The context does not provide any information indicating that Jim usually adds medicine to the dog's food.",NA
"213",212,"2024-06-07_15-41_gpt-4_t-1_zero_shot_likert_fr","gpt-4","zero_shot",1,3,5,"AI",1,"7 - Every time",7,"Jim needs to open a new can of food to feed the dog every evening, so he would likely need to throw the can away every time after use to maintain cleanliness.",NA
"214",213,"2024-06-07_15-41_gpt-4_t-1_zero_shot_likert_fr","gpt-4","zero_shot",1,3,5,"AI",2,"4 - Sometimes, about 50% of the time",4,"There's no information provided about the dog's health condition or the necessity of medication, so it's assumed that Jim adds medication sometimes but not every time given that administering medication is usually not a daily occurrence for pets unless they have a chronic illness.",NA
"215",214,"2024-06-07_15-41_gpt-4_t-1_zero_shot_likert_fr","gpt-4","zero_shot",1,3,6,"AI",1,"2 - Rarely, less than 10% of the time",2,"The context implies that Jim has issues with cleanliness, suggesting he may not frequently dispose of dog food cans properly.",NA
"216",215,"2024-06-07_15-41_gpt-4_t-1_zero_shot_likert_fr","gpt-4","zero_shot",1,3,6,"AI",2,"7 - Every time",7,"Lucy specifically mentions that Jim had to add medication to the dog's food, which might suggest that this is a usual routine.",NA
"217",216,"2024-06-07_15-41_gpt-4_t-1_zero_shot_likert_fr","gpt-4","zero_shot",1,4,1,"AI",1,"7",7,"Given that Jane takes the subway all the time to get around the city, she likely buys a ticket every time, considering that subway systems typically require ticket purchases for every ride.",NA
"218",217,"2024-06-07_15-41_gpt-4_t-1_zero_shot_likert_fr","gpt-4","zero_shot",1,4,1,"AI",2,"1",1,"It is assumed that Jane practices basic safety standards while taking the subway, hence she would rarely, if ever, be close to falling off the platform.",NA
"219",218,"2024-06-07_15-41_gpt-4_t-1_zero_shot_likert_fr","gpt-4","zero_shot",1,4,2,"AI",1,"2 - Rarely, less than 10% of the time",2,"It is stated in the context that Jane ""rarely pays for her rides"" when taking the subway, implying that she rarely buys a ticket.",NA
"220",219,"2024-06-07_15-41_gpt-4_t-1_zero_shot_likert_fr","gpt-4","zero_shot",1,4,2,"AI",2,"1 - Never",1,"The context provides no indication that Jane ever comes close to falling off the subway platform, so this incidence can be estimated to be almost never.",NA
"221",220,"2024-06-07_15-41_gpt-4_t-1_zero_shot_likert_fr","gpt-4","zero_shot",1,4,3,"AI",1,"7 - Every time",7,"The surprise indication in Don's statement implies that it is an unusual occurrence for Jane not to buy a subway ticket, hence it can be deduced that she buys a subway ticket every time.",NA
"222",221,"2024-06-07_15-41_gpt-4_t-1_zero_shot_likert_fr","gpt-4","zero_shot",1,4,3,"AI",2,"1 - Never",1,"There is no information provided in the context about Jane close to falling off the platform when taking the subway.",NA
"223",222,"2024-06-07_15-41_gpt-4_t-1_zero_shot_likert_fr","gpt-4","zero_shot",1,4,4,"AI",1,"2",2,"The context mentions that Jane rarely pays for her subway rides, suggesting that she usually doesn't buy tickets.",NA
"224",223,"2024-06-07_15-41_gpt-4_t-1_zero_shot_likert_fr","gpt-4","zero_shot",1,4,4,"AI",2,"1",1,"The context does not provide information about Jane's behavior in terms of safety or close calls on the subway platform, so it infers she never comes close to falling off.",NA
"225",224,"2024-06-07_15-41_gpt-4_t-1_zero_shot_likert_fr","gpt-4","zero_shot",1,4,5,"AI",1,"7 - Every time",7,"Given that it is mentioned that Jane 'takes the subway all the time', it can be assumed that she buys a ticket every time to use the service legitimately.",NA
"226",225,"2024-06-07_15-41_gpt-4_t-1_zero_shot_likert_fr","gpt-4","zero_shot",1,4,5,"AI",2,"1 - Never",1,"While the statement made by Don to Beth about Jane almost falling off the platform might suggest this situation, it's likely unusual since it's specifically singled out as an event worth mentioning.",NA
"227",226,"2024-06-07_15-41_gpt-4_t-1_zero_shot_likert_fr","gpt-4","zero_shot",1,4,6,"AI",1,"2",2,"According to the context, Jane rarely pays for her subway rides.",NA
"228",227,"2024-06-07_15-41_gpt-4_t-1_zero_shot_likert_fr","gpt-4","zero_shot",1,4,6,"AI",2,"2",2,"Jane's friend Don seemed surprised when Jane nearly fell off the platform, suggesting this is not a common occurrence.",NA
"229",228,"2024-06-07_15-41_gpt-4_t-1_zero_shot_likert_fr","gpt-4","zero_shot",1,5,1,"AI",1,"7 - Every time",7,"Closing the fuel cap after fueling up is a necessary activity, anyone operating a vehicle would do this every time after fueling.",NA
"230",229,"2024-06-07_15-41_gpt-4_t-1_zero_shot_likert_fr","gpt-4","zero_shot",1,5,1,"AI",2,"1 - Never",1,"The context specifies that Rick is overcharged at his local gas station, suggesting he does not obtain any discounts.",NA
"231",230,"2024-06-07_15-41_gpt-4_t-1_zero_shot_likert_fr","gpt-4","zero_shot",1,5,2,"AI",1,"6 - Usually, about 90% of the time",6,"While the context suggests that Rick does not pay much attention while fueling up, it doesn't provide any specific details regarding whether he forgets to close the fuel cap. Most drivers close the fuel cap after fueling up due to the risks involved in not doing so.",NA
"232",231,"2024-06-07_15-41_gpt-4_t-1_zero_shot_likert_fr","gpt-4","zero_shot",1,5,2,"AI",2,"3 - Occasionally, 30% of the time",3,"The context does not provide any specific details about Rick receiving discounted gas. Typically, discounted gas isn't something that's available all the time so it can be assumed he only gets it occasionally.",NA
"233",232,"2024-06-07_15-41_gpt-4_t-1_zero_shot_likert_fr","gpt-4","zero_shot",1,5,3,"AI",1,"7 - Every time",7,"The dialogue given suggests that Rick has a habit of closing the fuel cap every time he fuels up, as signaled by Annie's surprised remark, indicating that it's a consistent action.",NA
"234",233,"2024-06-07_15-41_gpt-4_t-1_zero_shot_likert_fr","gpt-4","zero_shot",1,5,3,"AI",2,"2 - Rarely, less than 10% of the time",2,"As mentioned in the context, Rick frequents a local gas station that overcharges him which suggests he rarely gets discounted gas, if ever.",NA
"235",234,"2024-06-07_15-41_gpt-4_t-1_zero_shot_likert_fr","gpt-4","zero_shot",1,5,4,"AI",1,"7 - Every time",7,"Annie mentioned to Sean that Rick closed the fuel cap, implying it's a significant or unusual event. Since she felt the need to report it, we can infer that he does it every time, even if unilaterally.",NA
"236",235,"2024-06-07_15-41_gpt-4_t-1_zero_shot_likert_fr","gpt-4","zero_shot",1,5,4,"AI",2,"1 - Never",1,"The context did not provide any information about Rick getting discounted gas when fueling up, so based on the given context, we presume he never gets discounts.",NA
"237",236,"2024-06-07_15-41_gpt-4_t-1_zero_shot_likert_fr","gpt-4","zero_shot",1,5,5,"AI",1,"7",7,"Presuming Rick is an average, responsible driver, he would ensure to close the fuel cap after fueling up every time, to prevent fuel spillage or entry of foreign particles in the tank.",NA
"238",237,"2024-06-07_15-41_gpt-4_t-1_zero_shot_likert_fr","gpt-4","zero_shot",1,5,5,"AI",2,"1",1,"The context implies that Rick usually fuels up at a local gas station that overcharges him, so he likely rarely gets discounted gas. Annie's remark to Sean is ironic.",NA
"239",238,"2024-06-07_15-41_gpt-4_t-1_zero_shot_likert_fr","gpt-4","zero_shot",1,5,6,"AI",1,"2",2,"Since the context suggests Rick is often not paying attention when he fuels up, it's possible he may forget to close the fuel cap occasionally.",NA
"240",239,"2024-06-07_15-41_gpt-4_t-1_zero_shot_likert_fr","gpt-4","zero_shot",1,5,6,"AI",2,"5",5,"The context mentions Rick getting discounted gas, but it does not specifically state this is a usual occurrence. However, because the statement is expressed in a casual way, it could be inferred that Rick frequently gets discounted gas.",NA
"241",240,"2024-06-07_15-41_gpt-4_t-1_zero_shot_likert_fr","gpt-4","zero_shot",1,6,1,"AI",1,"7",7,"If Lisa goes swimming, it is highly likely she is bringing her swimsuit every time, as it is a requisite for the activity.",NA
"242",241,"2024-06-07_15-41_gpt-4_t-1_zero_shot_likert_fr","gpt-4","zero_shot",1,6,1,"AI",2,"4",4,"The context does not provide information about Lisa bringing her children to the pool, so it would be a speculation. However, considering typical human behavior, it's reasonable to say that she brings her children sometimes, as it is common for parents to take their children to the pool while they swim.",NA
"243",242,"2024-06-07_15-41_gpt-4_t-1_zero_shot_likert_fr","gpt-4","zero_shot",1,6,2,"AI",1,"7",7,"It is reasonable to assume that Lisa brings her swimsuit every time she goes swimming, as it's necessary for the activity.",NA
"244",243,"2024-06-07_15-41_gpt-4_t-1_zero_shot_likert_fr","gpt-4","zero_shot",1,6,2,"AI",2,"1",1,"Since there's no information in the context about Lisa having children and bringing them to her swimming sessions, it's safe to assume she never brings children.",NA
"245",244,"2024-06-07_15-41_gpt-4_t-1_zero_shot_likert_fr","gpt-4","zero_shot",1,6,3,"AI",1,"7",7,"Lisa is described as a regular at the pool, and it's a safe assumption that she would bring her swimsuit every time she plans to swim.",NA
"246",245,"2024-06-07_15-41_gpt-4_t-1_zero_shot_likert_fr","gpt-4","zero_shot",1,6,3,"AI",2,"1",1,"Nothing in the context suggests that Lisa usually brings her children when she goes swimming, so it's safe to assume it doesn't happen often.",NA
"247",246,"2024-06-07_15-41_gpt-4_t-1_zero_shot_likert_fr","gpt-4","zero_shot",1,6,4,"AI",1,"6 - Usually, about 90% of the time",6,"Given that Harvey comments on Lisa bringing her swimsuit implies that she occasionally forgets it. However, since she likes swimming regularly, it's likely that she brings her swimsuit most of the time.",NA
"248",247,"2024-06-07_15-41_gpt-4_t-1_zero_shot_likert_fr","gpt-4","zero_shot",1,6,4,"AI",2,"1 - Never",1,"There is no mention or implication of Lisa bringing her children to swim in the context given, thus we can assume she doesn't bring them along.",NA
"249",248,"2024-06-07_15-41_gpt-4_t-1_zero_shot_likert_fr","gpt-4","zero_shot",1,6,5,"AI",1,"7",7,"Lisa goes swimming at a nearby pool, so it is logical to assume she brings her swimsuit every time (100% of the time).",NA
"250",249,"2024-06-07_15-41_gpt-4_t-1_zero_shot_likert_fr","gpt-4","zero_shot",1,6,5,"AI",2,"4",4,"Based on Harvey's comment about Lisa bringing her children, it seems like this might be a somewhat frequent but not a consistent occurrence - perhaps around half the time (50%).",NA
"251",250,"2024-06-07_15-41_gpt-4_t-1_zero_shot_likert_fr","gpt-4","zero_shot",1,6,6,"AI",1,"7",7,"One can assume that because Lisa frequently goes swimming, she always brings her swimsuit since it is essential for the activity.",NA
"252",251,"2024-06-07_15-41_gpt-4_t-1_zero_shot_likert_fr","gpt-4","zero_shot",1,6,6,"AI",2,"3",3,"From the context, it can be inferred that Lisa occasionally brings her children along while going swimming, as her doing so was noteworthy enough for Harvey to mention it to Jen.",NA
"253",252,"2024-06-07_15-41_gpt-4_t-1_zero_shot_likert_fr","gpt-4","zero_shot",1,7,1,"AI",1,"7",7,"The context suggests that Brian consistently gets off at his stop when taking the train, as it's his regular commute method.",NA
"254",253,"2024-06-07_15-41_gpt-4_t-1_zero_shot_likert_fr","gpt-4","zero_shot",1,7,1,"AI",2,"4",4,"The context mentions that the commute takes a long time, but doesn't provide sufficient information to definitively determine how often Brian is late, so a middle-ground answer is given.",NA
"255",254,"2024-06-07_15-41_gpt-4_t-1_zero_shot_likert_fr","gpt-4","zero_shot",1,7,2,"AI",1,"3 - Occasionally, 30% of the time",3,"Given that Brian is described as frequently being distracted and missing his stop, it can be inferred that he only occasionally gets off at his intended stop.",NA
"256",255,"2024-06-07_15-41_gpt-4_t-1_zero_shot_likert_fr","gpt-4","zero_shot",1,7,2,"AI",2,"5 - Frequently, about 70% of the time",5,"Since Brian often misses his train stop due to getting distracted, it can be inferred that this would frequently lead to him being late to work.",NA
"257",256,"2024-06-07_15-41_gpt-4_t-1_zero_shot_likert_fr","gpt-4","zero_shot",1,7,3,"AI",1,"7",7,"Brian's behavior of getting off at his stop is likely a consistent and routine part of his commute, hence the score of 7 - Every time.",NA
"258",257,"2024-06-07_15-41_gpt-4_t-1_zero_shot_likert_fr","gpt-4","zero_shot",1,7,3,"AI",2,"3",3,"The story mentions that the commute takes a long time, but not that Brian is frequently late. He might be late occasionally, hence the score of 3 - Occasionally, about 30% of the time.",NA
"259",258,"2024-06-07_15-41_gpt-4_t-1_zero_shot_likert_fr","gpt-4","zero_shot",1,7,4,"AI",1,"4",4,"The context describes Brian as having a ""terrible habit"" of missing his stop, implying that he does it often, but it also says he ""most mornings"" takes the train and sometimes he gets off at his stop, suggesting that he doesn't miss it every time.",NA
"260",259,"2024-06-07_15-41_gpt-4_t-1_zero_shot_likert_fr","gpt-4","zero_shot",1,7,4,"AI",2,"5",5,"If Brian frequently misses his stop, it's reasonable to assume that he occasionally becomes late to work due to this habit, especially if his distraction occurs fairly often. However, the frequency may not be as high as him missing his stop since there might be alternative ways for him to reach on time.",NA
"261",260,"2024-06-07_15-41_gpt-4_t-1_zero_shot_likert_fr","gpt-4","zero_shot",1,7,5,"AI",1,"7 - Every time",7,"The context implies that Brian has a usual spot where he gets off the train, suggesting that this is a routine for him.",NA
"262",261,"2024-06-07_15-41_gpt-4_t-1_zero_shot_likert_fr","gpt-4","zero_shot",1,7,5,"AI",2,"6 - Usually, about 90% of the time",6,"Given that Rachel mentioned that Brian was running late to work when he was on the train, it suggests that lateness could be a common occurrence for Brian.",NA
"263",262,"2024-06-07_15-41_gpt-4_t-1_zero_shot_likert_fr","gpt-4","zero_shot",1,7,6,"AI",1,"4",4,"Brian is frequently distracted and sometimes misses his stop. However, that doesn't necessarily mean he misses it more times than not.",NA
"264",263,"2024-06-07_15-41_gpt-4_t-1_zero_shot_likert_fr","gpt-4","zero_shot",1,7,6,"AI",2,"5",5,"Rachel's comment suggests that Brian being late to work is not an uncommon event, so it would be reasonable to assume that he is late according to the train schedule frequently.",NA
"265",264,"2024-06-07_15-41_gpt-4_t-1_zero_shot_likert_fr","gpt-4","zero_shot",1,8,1,"AI",1,"7 - Every time",7,"Laura needs her keys to lock her house when leaving for work, which is a common practice for employed individuals who have to leave their homes.",NA
"266",265,"2024-06-07_15-41_gpt-4_t-1_zero_shot_likert_fr","gpt-4","zero_shot",1,8,1,"AI",2,"4 - Sometimes, about 50% of the time",4,"The frequency of wearing several layers of clothing depends on the climatic conditions and individual comfort. Without specific information about these factors, it's reasonable to assume it can be about 50% of the time.",NA
"267",266,"2024-06-07_15-41_gpt-4_t-1_zero_shot_likert_fr","gpt-4","zero_shot",1,8,2,"AI",1,"4 - sometimes, about 50% of the time",4,"Given Laura is described as scatter-brained, it can be assumed she might forget her keys sometimes while getting ready for work.",NA
"268",267,"2024-06-07_15-41_gpt-4_t-1_zero_shot_likert_fr","gpt-4","zero_shot",1,8,2,"AI",2,"3 - occasionally, 30% of the time",3,"The text does not imply anything about Laura's clothing preferences while getting ready for work, but assuming she works in a controlled environment like an office, she might occasionally wear several layers depending on the weather conditions.",NA
"269",268,"2024-06-07_15-41_gpt-4_t-1_zero_shot_likert_fr","gpt-4","zero_shot",1,8,3,"AI",1,"7",7,"Given that Laura was about to leave the house, and keys are typically required to lock a house and re-enter it, it's safe to assume that Laura would grab her keys every time before she leaves for work.",NA
"270",269,"2024-06-07_15-41_gpt-4_t-1_zero_shot_likert_fr","gpt-4","zero_shot",1,8,3,"AI",2,"4",4,"For work in the morning, Laura may sometimes wear several layers of clothing, depending on weather conditions and her preferred style, but from the information provided, there isn't a clear indication of this behavior either way, so the middle frequency is a good assumption.",NA
"271",270,"2024-06-07_15-41_gpt-4_t-1_zero_shot_likert_fr","gpt-4","zero_shot",1,8,4,"AI",1,"6 - Usually, about 90% of the time",6,"Considering Laura's scatter-brained personality, she might occasionally forget items, but the fact that her husband noted her grabbing the keys suggests that it's something she usually does when getting ready for work.",NA
"272",271,"2024-06-07_15-41_gpt-4_t-1_zero_shot_likert_fr","gpt-4","zero_shot",1,8,4,"AI",2,"4 - Sometimes, about 50% of the time",4,"The text does not provide specific information about Laura's dressing habits, therefore a neutral assumption is made that she might wear several layers depending on the weather or her personal comfort.",NA
"273",272,"2024-06-07_15-41_gpt-4_t-1_zero_shot_likert_fr","gpt-4","zero_shot",1,8,5,"AI",1,"7",7,"As a software engineer, it's likely Laura needs to leave her house every day for work, and she would need her keys to lock up the house, so she probably always grabs her keys.",NA
"274",273,"2024-06-07_15-41_gpt-4_t-1_zero_shot_likert_fr","gpt-4","zero_shot",1,8,5,"AI",2,"5",5,"Dustin's comment that Laura put on several layers of clothing indicates that it's not unusual, but also could be understood as something noticeable because it does not happen every day, so she probably frequently puts on several layers when getting ready for work.",NA
"275",274,"2024-06-07_15-41_gpt-4_t-1_zero_shot_likert_fr","gpt-4","zero_shot",1,8,6,"AI",1,"4 - Sometimes, about 50% of the time",4,"Given Laura's scatter-brained nature, it is plausible to assume that she might often forget to grab her house keys when getting ready for work in the morning.",NA
"276",275,"2024-06-07_15-41_gpt-4_t-1_zero_shot_likert_fr","gpt-4","zero_shot",1,8,6,"AI",2,"6 - Usually, about 90% of the time",6,"Since Dustin pointed out to Courtney that Laura was putting on several layers of clothing, this seems to be unusual or noteworthy behavior, implying that she usually doesn't do this.",NA
"277",276,"2024-06-07_15-41_gpt-4_t-1_zero_shot_likert_fr","gpt-4","zero_shot",1,9,1,"AI",1,"7",7,"If Bruce visits the medical practice, it's safe to assume that he gets examined by a doctor each time, as that's typically the point of a medical visit.",NA
"278",277,"2024-06-07_15-41_gpt-4_t-1_zero_shot_likert_fr","gpt-4","zero_shot",1,9,1,"AI",2,"1",1,"There's no information in the text to suggest that Bruce has any heart issues that would require the frequent use of a heart rate monitor. Most people do not get fitted with a heart rate monitor for regular check-ups.",NA
"279",278,"2024-06-07_15-41_gpt-4_t-1_zero_shot_likert_fr","gpt-4","zero_shot",1,9,2,"AI",1,"2 - Rarely, less than 10% of the time",2,"As the context suggests, Bruce ""usually only sees the nurse"" when he goes to his the medical practice, implying he very rarely sees a doctor.",NA
"280",279,"2024-06-07_15-41_gpt-4_t-1_zero_shot_likert_fr","gpt-4","zero_shot",1,9,2,"AI",2,"1 - Never",1,"The context does not provide any information about Bruce getting fitted with a heart rate monitor, and this is not a common procedure during a regular visit to a medical practice with a nurse.",NA
"281",280,"2024-06-07_15-41_gpt-4_t-1_zero_shot_likert_fr","gpt-4","zero_shot",1,9,3,"AI",1,"7 - Every time",7,"Bruce goes to the medical practice every few years and it is typical for examinations by the doctor to take place every time a person visits a medical practice, irrespective of the number of visits.",NA
"282",281,"2024-06-07_15-41_gpt-4_t-1_zero_shot_likert_fr","gpt-4","zero_shot",1,9,3,"AI",2,"2 - Rarely, less than 10% of the time",2,"Given that Bruce visits the medical practice infrequently (every few years), it is unlikely that he is often fitted with a heart rate monitor, as its use is typically associated with more regular check-ups or specific health conditions, neither of which were mentioned.",NA
"283",282,"2024-06-07_15-41_gpt-4_t-1_zero_shot_likert_fr","gpt-4","zero_shot",1,9,4,"AI",1,"2 - Rarely, less than 10% of the time",2,"The context indicates that Bruce usually only sees the nurse when he visits the medical practice, hence he rarely gets examined by a doctor.",NA
"284",283,"2024-06-07_15-41_gpt-4_t-1_zero_shot_likert_fr","gpt-4","zero_shot",1,9,4,"AI",2,"1 - Never",1,"There is no mention of a heart rate monitor in the provided context, so we can't infer that Bruce gets fitted with one during his visits to the medical practice.",NA
"285",284,"2024-06-07_15-41_gpt-4_t-1_zero_shot_likert_fr","gpt-4","zero_shot",1,9,5,"AI",1,"7 - Every time",7,"It is common for people to get examined by a doctor when they visit a medical practice, so it can be inferred that Bruce would usually get an examination every time he visits.",NA
"286",285,"2024-06-07_15-41_gpt-4_t-1_zero_shot_likert_fr","gpt-4","zero_shot",1,9,5,"AI",2,"3 - Occasionally",3,"The wearing of a heart rate monitor is not a typical examination procedure for every medical office visit, thus Bruce likely only gets fitted with a heart rate monitor occasionally when he goes to the medical practice.",NA
"287",286,"2024-06-07_15-41_gpt-4_t-1_zero_shot_likert_fr","gpt-4","zero_shot",1,9,6,"AI",1,"2 - Rarely, less than 10% of the time",2,"Based on the context, it is mentioned that Bruce usually only sees the nurse when he goes to his local medical practice, suggesting that he rarely gets examined by a doctor.",NA
"288",287,"2024-06-07_15-41_gpt-4_t-1_zero_shot_likert_fr","gpt-4","zero_shot",1,9,6,"AI",2,"3 - Occasionally, 30% of the time",3,"It is stated Sarah saw Bruce wearing a heart rate monitor, implying that it is not his customary practice every time he visits the medical center, so we can assume that he occasionally gets fitted with a heart rate monitor.",NA
